Topic,Subtopic,lapse_score,knowledge_score
Analytic Geometry,Analytic Geometry,Slightly lapsed,High knowledge
Complex Numbers,Complex Numbers,Moderately lapsed,Extremely low knowledge
Differential Equations,Differential Equations,Moderately lapsed,Moderate knowledge
Differentiation,Derivatives,Not lapsed,Extremely low knowledge
Differentiation,Differentiation,Slightly lapsed,High knowledge
Differentiation,Implicit Differentiation and Chain Rule,Highly lapsed,High knowledge
Differentiation,Partial Differentiation,Highly lapsed,Moderate knowledge
Discrete Mathematics,Recursivity,Extremely lapsed,Low knowledge
Discrete Mathematics,Set Theory,Extremely lapsed,Moderate knowledge
Fundamental Mathematics,"Algebraic expressions, Equations, and Inequalities",Extremely lapsed,Moderate knowledge
Fundamental Mathematics,Elementary Geometry,Highly lapsed,Moderate knowledge
Graph Theory,Graph Theory,Highly lapsed,Low knowledge
Integration,Double Integration,Not lapsed,Extremely low knowledge
Integration,Integration Techniques,Not lapsed,Low knowledge
Integration,Surface Integrals,Moderately lapsed,Low knowledge
Integration,Triple Integration,Highly lapsed,Low knowledge
Linear Algebra,Eigenvalues and Eigenvectors,Moderately lapsed,Extremely high knowledge
Linear Algebra,Matrices and Determinants,Highly lapsed,Extremely high knowledge
Optimization,Linear Optimization,Not lapsed,High knowledge
Optimization,Nonlinear Optimization,Moderately lapsed,High knowledge
Real Functions of Several Variables,"Limits, Continuity, Domain and Image",Moderately lapsed,Low knowledge
Real Functions of a Single Variable,"Domain, Image and Graphics",Moderately lapsed,Extremely high knowledge
Real Functions of a Single Variable,Limits and Continuity,Extremely lapsed,Extremely high knowledge
Statistics,Statistics,Slightly lapsed,Low knowledge
Artificial Intelligence (AI),Machine Learning and Deep Learning,Not lapsed,High knowledge
Artificial Intelligence (AI),AI Ethics and Algorithmic Bias,Highly lapsed,Moderate knowledge
Artificial Intelligence (AI),"Generative AI (text, images, video)",Slightly lapsed,Extremely high knowledge
Artificial Intelligence (AI),Automation and the Future of Work,Extremely lapsed,High knowledge
Artificial Intelligence (AI),NLP (Natural Language Processing),Slightly lapsed,Moderate knowledge
Artificial Intelligence (AI),Computer Vision,Extremely lapsed,Low knowledge
Artificial Intelligence (AI),AI in Medicine and Diagnostics,Not lapsed,Low knowledge
Artificial Intelligence (AI),Collaborative Robotics (Cobots),Slightly lapsed,Extremely low knowledge
Artificial Intelligence (AI),Regulation and AI Act,Highly lapsed,Extremely high knowledge
Artificial Intelligence (AI),Technological Singularity,Not lapsed,Low knowledge
Climate Change and Sustainability,"Renewable Energies (solar, wind, hydrogen)",Highly lapsed,Moderate knowledge
Climate Change and Sustainability,Circular Economy and Recycling,Not lapsed,Low knowledge
Climate Change and Sustainability,Electric Mobility and Micro-mobility,Highly lapsed,Moderate knowledge
Climate Change and Sustainability,Regenerative Agriculture,Highly lapsed,High knowledge
Climate Change and Sustainability,Industrial Decarbonization,Highly lapsed,Extremely low knowledge
Climate Change and Sustainability,Biodiversity Conservation,Slightly lapsed,High knowledge
Climate Change and Sustainability,Sustainable Architecture (Green Building),Highly lapsed,Moderate knowledge
Climate Change and Sustainability,Fast Fashion vs. Slow Fashion,Highly lapsed,Extremely high knowledge
Climate Change and Sustainability,Microplastic Pollution,Extremely lapsed,High knowledge
Climate Change and Sustainability,Carbon Credit Market,Slightly lapsed,Extremely high knowledge
Space Exploration,Colonization of Mars,Slightly lapsed,Low knowledge
Space Exploration,Commercial Space Tourism,Slightly lapsed,Low knowledge
Space Exploration,Asteroid Mining,Moderately lapsed,Moderate knowledge
Space Exploration,Space Telescopes (James Webb and successors),Highly lapsed,Moderate knowledge
Space Exploration,Ion and Nuclear Propulsion,Extremely lapsed,Low knowledge
Space Exploration,Search for Extraterrestrial Life (SETI),Moderately lapsed,Extremely high knowledge
Space Exploration,Private Space Stations,Highly lapsed,Extremely low knowledge
Space Exploration,Space Debris (Kessler Syndrome),Slightly lapsed,Low knowledge
Space Exploration,Artemis and the Return to the Moon,Extremely lapsed,High knowledge
Space Exploration,Exophysics and Habitable Planets,Highly lapsed,Moderate knowledge
Mental Health and Wellness,Neuroplasticity and Habits,Highly lapsed,Low knowledge
Mental Health and Wellness,Impact of Social Media on the Psyche,Extremely lapsed,Moderate knowledge
Mental Health and Wellness,Meditation and Mindfulness,Extremely lapsed,Extremely low knowledge
Mental Health and Wellness,Anxiety Disorders in the Digital Age,Extremely lapsed,Moderate knowledge
Mental Health and Wellness,Biohacking and Sleep Optimization,Extremely lapsed,Low knowledge
Mental Health and Wellness,Psychedelic-Assisted Therapy,Moderately lapsed,High knowledge
Mental Health and Wellness,Occupational Burnout,Not lapsed,Moderate knowledge
Mental Health and Wellness,Positive Psychology,Highly lapsed,Extremely low knowledge
Mental Health and Wellness,Nutrition and the Gut-Brain Axis,Not lapsed,High knowledge
Mental Health and Wellness,Emotional Resilience,Moderately lapsed,High knowledge
Finance and New Economies,Cryptocurrencies and Blockchain,Highly lapsed,Moderate knowledge
Finance and New Economies,Decentralized Finance (DeFi),Slightly lapsed,Moderate knowledge
Finance and New Economies,"ESG Investments (Environmental, Social, Governance)",Highly lapsed,Extremely high knowledge
Finance and New Economies,Inflation and Monetary Policies,Highly lapsed,Extremely low knowledge
Finance and New Economies,Universal Basic Income (UBI),Highly lapsed,Moderate knowledge
Finance and New Economies,Gig Economy and Workers' Rights,Not lapsed,Moderate knowledge
Finance and New Economies,Emerging Markets (BRICS+),Highly lapsed,Extremely high knowledge
Finance and New Economies,Algorithmic Trading,Slightly lapsed,Extremely low knowledge
Finance and New Economies,E-commerce and New Retail Models,Highly lapsed,Low knowledge
Finance and New Economies,Financial Cybersecurity,Moderately lapsed,Extremely low knowledge
History of Ancient Civilizations,The Egypt of the Pharaohs,Extremely lapsed,High knowledge
History of Ancient Civilizations,Greek Philosophy and Democracy,Extremely lapsed,High knowledge
History of Ancient Civilizations,The Roman Empire: Rise and Fall,Slightly lapsed,Extremely high knowledge
History of Ancient Civilizations,"Pre-Columbian Civilizations (Maya, Aztecs, Inca)",Not lapsed,Moderate knowledge
History of Ancient Civilizations,The Silk Road and Cultural Exchange,Not lapsed,Extremely low knowledge
History of Ancient Civilizations,The Chinese Imperial Dynasties,Extremely lapsed,Extremely low knowledge
History of Ancient Civilizations,Mesopotamia: The Cradle of Writing,Not lapsed,Low knowledge
History of Ancient Civilizations,The Vikings and Norse Expansion,Highly lapsed,Moderate knowledge
History of Ancient Civilizations,The Islamic Golden Age,Extremely lapsed,Moderate knowledge
History of Ancient Civilizations,Underwater Archaeology,Extremely lapsed,Moderate knowledge
Biotechnology and Genetics,Genomic Editing (CRISPR),Not lapsed,Extremely low knowledge
Biotechnology and Genetics,Tissue Engineering and Synthetic Organs,Not lapsed,Extremely high knowledge
Biotechnology and Genetics,Longevity and Anti-aging Medicine,Extremely lapsed,Moderate knowledge
Biotechnology and Genetics,mRNA Vaccines and Gene Therapies,Not lapsed,Extremely low knowledge
Biotechnology and Genetics,Bioethics and Cloning,Extremely lapsed,High knowledge
Biotechnology and Genetics,Human Microbiome,Not lapsed,High knowledge
Biotechnology and Genetics,GMOs and Food Security,Not lapsed,High knowledge
Biotechnology and Genetics,Early Molecular Diagnostics,Not lapsed,Extremely high knowledge
Biotechnology and Genetics,Brain-Computer Interfaces (Neuralink),Highly lapsed,Extremely high knowledge
Biotechnology and Genetics,DNA Synthesis,Highly lapsed,Extremely high knowledge
Philosophy and Critical Thinking,Stoicism and Modern Application,Highly lapsed,Extremely low knowledge
Philosophy and Critical Thinking,Existentialism and the Search for Meaning,Extremely lapsed,Low knowledge
Philosophy and Critical Thinking,Utilitarian vs. Deontological Ethics,Extremely lapsed,Low knowledge
Philosophy and Critical Thinking,Philosophy of Mind,Moderately lapsed,Moderate knowledge
Philosophy and Critical Thinking,Posthumanism and Transhumanism,Extremely lapsed,High knowledge
Philosophy and Critical Thinking,Logic and Argumentative Fallacies,Extremely lapsed,Low knowledge
Philosophy and Critical Thinking,Political Philosophy: From the Social Contract to Today,Not lapsed,Low knowledge
Philosophy and Critical Thinking,Aesthetics and the Concept of Beauty,Slightly lapsed,Extremely low knowledge
Philosophy and Critical Thinking,Nihilism and Liquid Society,Not lapsed,Extremely low knowledge
Philosophy and Critical Thinking,Epistemology: What Can We Know?,Not lapsed,Extremely low knowledge
Cybersecurity and Privacy,Ethical Hacking and Penetration Testing,Not lapsed,Extremely high knowledge
Cybersecurity and Privacy,Quantum Cryptography,Highly lapsed,Extremely low knowledge
Cybersecurity and Privacy,Cyber Warfare,Moderately lapsed,Extremely low knowledge
Cybersecurity and Privacy,Personal Data Protection (GDPR),Extremely lapsed,Extremely high knowledge
Cybersecurity and Privacy,Deepfakes and Disinformation,Moderately lapsed,Extremely low knowledge
Cybersecurity and Privacy,Internet of Things (IoT) Security,Slightly lapsed,Extremely high knowledge
Cybersecurity and Privacy,Social Engineering and Phishing,Not lapsed,Low knowledge
Cybersecurity and Privacy,Online Anonymity and the Dark Web,Highly lapsed,High knowledge
Cybersecurity and Privacy,Digital Identity and Biometrics,Not lapsed,Low knowledge
Cybersecurity and Privacy,Ransomware and Threats to Infrastructure,Extremely lapsed,High knowledge
Future of Cities (Urban Planning),Smart Cities and Urban Sensors,Not lapsed,High knowledge
Future of Cities (Urban Planning),15-Minute Cities,Moderately lapsed,Moderate knowledge
Future of Cities (Urban Planning),Urban Vertical Farming,Moderately lapsed,Moderate knowledge
Future of Cities (Urban Planning),Smart Waste Management,Slightly lapsed,Moderate knowledge
Future of Cities (Urban Planning),Autonomous Public Transport,Highly lapsed,High knowledge
Future of Cities (Urban Planning),Regeneration of Suburbs,Slightly lapsed,Moderate knowledge
Future of Cities (Urban Planning),Tactical Urbanism,Extremely lapsed,High knowledge
Future of Cities (Urban Planning),Flood Resilience (Sponge Cities),Extremely lapsed,Extremely low knowledge
Future of Cities (Urban Planning),Co-housing and New Ways of Living,Not lapsed,Moderate knowledge
Future of Cities (Urban Planning),Light and Noise Pollution,Slightly lapsed,Low knowledge
Social and Behavioral Psychology,Group Dynamics and Conformity,Extremely lapsed,Extremely low knowledge
Social and Behavioral Psychology,Psychology of Crowds,Moderately lapsed,Extremely high knowledge
Social and Behavioral Psychology,Cognitive Biases,Moderately lapsed,High knowledge
Social and Behavioral Psychology,Non-verbal Communication,Extremely lapsed,High knowledge
Social and Behavioral Psychology,Persuasion and Sensory Marketing,Not lapsed,Extremely low knowledge
Social and Behavioral Psychology,Game Theory Applied to Social Sciences,Extremely lapsed,Moderate knowledge
Social and Behavioral Psychology,Empathy and Mirror Neurons,Extremely lapsed,Moderate knowledge
Social and Behavioral Psychology,Leadership and Charisma,Moderately lapsed,Extremely high knowledge
Social and Behavioral Psychology,Conflict Resolution,Slightly lapsed,Extremely low knowledge
Social and Behavioral Psychology,Consumer Psychology,Not lapsed,Extremely high knowledge
Materials Science,Graphene and Nanomaterials,Moderately lapsed,Extremely high knowledge
Materials Science,Biodegradable Plastics,Extremely lapsed,Extremely high knowledge
Materials Science,Self-healing Materials,Highly lapsed,Low knowledge
Materials Science,Room-temperature Superconductors,Extremely lapsed,Extremely low knowledge
Materials Science,Aerogels and Extreme Insulation,Extremely lapsed,Moderate knowledge
Materials Science,Metamaterials and Invisibility,Not lapsed,High knowledge
Materials Science,3D Printing of Metals and Ceramics,Slightly lapsed,Extremely high knowledge
Materials Science,Light Alloys for Aerospace,Slightly lapsed,Moderate knowledge
Materials Science,Materials for Energy Storage,Extremely lapsed,Extremely high knowledge
Materials Science,Biomimetics: Nature-inspired Materials,Not lapsed,Extremely low knowledge
Cinema and Storytelling,Evolution of Narrative (from Myths to TV Series),Extremely lapsed,Low knowledge
Cinema and Storytelling,"The ""Hero's Journey"" Theory",Moderately lapsed,Extremely low knowledge
Cinema and Storytelling,Directing and Framing Language,Highly lapsed,Moderate knowledge
Cinema and Storytelling,Visual Effects (VFX) and CGI,Not lapsed,Extremely high knowledge
Cinema and Storytelling,Editing as Emotional Rhythm,Moderately lapsed,Extremely high knowledge
Cinema and Storytelling,Auteur Cinema vs. Blockbuster,Extremely lapsed,Moderate knowledge
Cinema and Storytelling,Screenwriting and Dialogues,Slightly lapsed,High knowledge
Cinema and Storytelling,Sound Design in Cinema,Moderately lapsed,Extremely high knowledge
Cinema and Storytelling,New Streaming and Distribution Platforms,Not lapsed,High knowledge
Cinema and Storytelling,Narrative Virtual Reality (VR),Slightly lapsed,Low knowledge
Contemporary Geopolitics,New Technological Cold War (USA-China),Highly lapsed,Moderate knowledge
Contemporary Geopolitics,Conflicts over Water Resources,Moderately lapsed,High knowledge
Contemporary Geopolitics,Energy Sovereignty in Europe,Highly lapsed,Extremely low knowledge
Contemporary Geopolitics,The Rise of India as a Global Power,Slightly lapsed,High knowledge
Contemporary Geopolitics,The Role of the United Nations in the 21st Century,Not lapsed,Extremely low knowledge
Contemporary Geopolitics,Cyber Espionage between States,Slightly lapsed,Extremely low knowledge
Contemporary Geopolitics,Migrations and Demographic Changes,Moderately lapsed,Low knowledge
Contemporary Geopolitics,Geopolitics of the Arctic,Slightly lapsed,Extremely low knowledge
Contemporary Geopolitics,"Military Alliances (NATO, AUKUS)",Moderately lapsed,High knowledge
Contemporary Geopolitics,Soft Power and Cultural Diplomacy,Not lapsed,High knowledge
Music and Sound Design,History of Jazz and Blues,Highly lapsed,Extremely high knowledge
Music and Sound Design,Electronic Music Production,Highly lapsed,Extremely high knowledge
Music and Sound Design,Psychoacoustics: How We Perceive Sound,Moderately lapsed,Moderate knowledge
Music and Sound Design,Music Recommendation Algorithms,Slightly lapsed,Extremely high knowledge
Music and Sound Design,Sound Synthesis and Sampling,Highly lapsed,Extremely high knowledge
Music and Sound Design,Music as Therapy,Slightly lapsed,High knowledge
Music and Sound Design,Evolution of Musical Instruments,Slightly lapsed,Low knowledge
Music and Sound Design,Copyright and Streaming in the Music Industry,Highly lapsed,High knowledge
Music and Sound Design,Sound Design for Video Games,Highly lapsed,Low knowledge
Music and Sound Design,Ethnomusicology,Moderately lapsed,Extremely low knowledge
Nutrition and Food Science,Ketogenic Diet and Intermittent Fasting,Moderately lapsed,Moderate knowledge
Nutrition and Food Science,Functional Foods and Nutraceuticals,Extremely lapsed,Moderate knowledge
Nutrition and Food Science,Impact of Lab-grown Meat,Extremely lapsed,Extremely low knowledge
Nutrition and Food Science,Microbiota and Immune Health,Highly lapsed,Extremely low knowledge
Nutrition and Food Science,Modern Food Intolerances and Allergies,Highly lapsed,Extremely low knowledge
Nutrition and Food Science,Refined Sugars and Metabolic Syndrome,Highly lapsed,Extremely high knowledge
Nutrition and Food Science,Plant Proteins and the Future of Food,Slightly lapsed,Low knowledge
Nutrition and Food Science,Molecular Gastronomy,Moderately lapsed,High knowledge
Nutrition and Food Science,Global Food Security,Moderately lapsed,High knowledge
Nutrition and Food Science,Hydration and Cognitive Performance,Not lapsed,High knowledge
Literature and Writing,The Dystopian Genre in the 20th Century,Slightly lapsed,Low knowledge
Literature and Writing,Contemporary Poetry and Slam Poetry,Moderately lapsed,High knowledge
Literature and Writing,Creative Writing and World-building,Moderately lapsed,Extremely low knowledge
Literature and Writing,Post-colonial Literature,Extremely lapsed,High knowledge
Literature and Writing,The Role of Literary Prizes,Not lapsed,Extremely low knowledge
Literature and Writing,Self-publishing and the Digital Revolution,Not lapsed,High knowledge
Literature and Writing,Textual Analysis and Literary Criticism,Not lapsed,Moderate knowledge
Literature and Writing,Children's Literature and Education,Highly lapsed,Extremely low knowledge
Literature and Writing,Historical Novel vs. Magical Realism,Moderately lapsed,Low knowledge
Literature and Writing,Editorial Translation and Linguistic Challenges,Slightly lapsed,Extremely low knowledge
Modern Physics,Quantum Mechanics and Entanglement,Moderately lapsed,Moderate knowledge
Modern Physics,Einstein's General Relativity,Moderately lapsed,Low knowledge
Modern Physics,Dark Matter and Dark Energy,Extremely lapsed,Extremely high knowledge
Modern Physics,Particle Physics (CERN),Extremely lapsed,Low knowledge
Modern Physics,String Theory,Extremely lapsed,Extremely high knowledge
Modern Physics,Thermodynamics and the Arrow of Time,Moderately lapsed,High knowledge
Modern Physics,Controlled Nuclear Fusion,Moderately lapsed,Extremely high knowledge
Modern Physics,Gravitational Waves,Not lapsed,Low knowledge
Modern Physics,Multiverse and Inflationary Cosmology,Moderately lapsed,Moderate knowledge
Modern Physics,Chaos Physics and Complex Systems,Not lapsed,Extremely high knowledge
Sport and Human Performance,Sports Science and Biomechanics,Moderately lapsed,Moderate knowledge
Sport and Human Performance,Sports Psychology and Peak Performance,Slightly lapsed,Extremely low knowledge
Sport and Human Performance,Technological Doping and Bioethics,Highly lapsed,Extremely low knowledge
Sport and Human Performance,Evolution of eSports,Highly lapsed,Extremely high knowledge
Sport and Human Performance,"Recovery Methods (Cryotherapy, Oxygen)",Slightly lapsed,Moderate knowledge
Sport and Human Performance,Data Analysis (Big Data) in Teams,Moderately lapsed,Moderate knowledge
Sport and Human Performance,Elite Sports Nutrition,Extremely lapsed,Low knowledge
Sport and Human Performance,Extreme Sports and Risk Management,Extremely lapsed,Extremely high knowledge
Sport and Human Performance,The Social Role of the Olympics,Slightly lapsed,Moderate knowledge
Sport and Human Performance,Mental Training and Visualization,Extremely lapsed,Moderate knowledge
Education and Learning,EdTech: Technology in the Classroom,Extremely lapsed,Low knowledge
Education and Learning,Lifelong Learning,Moderately lapsed,Low knowledge
Education and Learning,Montessori Method and Alternative Approaches,Slightly lapsed,Extremely low knowledge
Education and Learning,Gamification of Educational Processes,Highly lapsed,High knowledge
Education and Learning,Neuroscience of Learning,Moderately lapsed,Extremely low knowledge
Education and Learning,Soft Skills vs. Hard Skills,Not lapsed,Low knowledge
Education and Learning,The Future of Universities,Extremely lapsed,High knowledge
Education and Learning,Homeschooling and Self-directed Learning,Moderately lapsed,High knowledge
Education and Learning,Digital Literacy and Media Education,Highly lapsed,Moderate knowledge
Education and Learning,Inclusive Teaching and Special Educational Needs (SEN),Extremely lapsed,Low knowledge
Robotics and Automation,Humanoid Robots and Facial Mimicry,Moderately lapsed,Extremely low knowledge
Robotics and Automation,Drones for Logistics and Surveillance,Moderately lapsed,Extremely high knowledge
Robotics and Automation,Exoskeletons for Rehabilitation and Work,Extremely lapsed,High knowledge
Robotics and Automation,Underwater Robotics (Abyssal Exploration),Moderately lapsed,Moderate knowledge
Robotics and Automation,Swarm Robotics (Swarm Intelligence),Highly lapsed,Moderate knowledge
Robotics and Automation,Automation in Industrial Processes (Industry 5.0),Not lapsed,High knowledge
Robotics and Automation,Educational Robotics for Children,Slightly lapsed,Extremely low knowledge
Robotics and Automation,Minimally Invasive Robotic Surgery,Highly lapsed,Moderate knowledge
Robotics and Automation,Predictive Maintenance via Sensors,Slightly lapsed,Low knowledge
Robotics and Automation,Robots for Elderly Care,Extremely lapsed,Moderate knowledge
Design and Interior Architecture,Minimalism and Scandinavian/Japandi Style,Slightly lapsed,Moderate knowledge
Design and Interior Architecture,Biophilic Design (Integrating Nature),Extremely lapsed,Low knowledge
Design and Interior Architecture,Color Psychology in Environments,Highly lapsed,Extremely high knowledge
Design and Interior Architecture,Lighting Design and Circadian Wellness,Not lapsed,Extremely high knowledge
Design and Interior Architecture,Ergonomics in Working from Home (Home Office),Slightly lapsed,Extremely low knowledge
Design and Interior Architecture,Recycled Materials in Furniture Design,Moderately lapsed,High knowledge
Design and Interior Architecture,Home Automation and Integrated Smart Homes,Moderately lapsed,High knowledge
Design and Interior Architecture,Tiny Houses and Space Optimization,Not lapsed,Extremely high knowledge
Design and Interior Architecture,Inclusive and Universal Design,Extremely lapsed,Extremely low knowledge
Design and Interior Architecture,History of Design: from Bauhaus to Postmodern,Not lapsed,Low knowledge
Contemporary Sociology,Digital Tribalism and Echo Chambers,Not lapsed,Extremely high knowledge
Contemporary Sociology,Loneliness and Isolation in Big Cities,Not lapsed,Moderate knowledge
Contemporary Sociology,New Family and Relational Structures,Not lapsed,Extremely low knowledge
Contemporary Sociology,"The Impact of ""Digital Nomads"" on Local Communities",Slightly lapsed,Moderate knowledge
Contemporary Sociology,Cancel Culture,Slightly lapsed,Low knowledge
Contemporary Sociology,Generational Divide (Boomer vs Gen Z),Extremely lapsed,Moderate knowledge
Contemporary Sociology,"The Concept of ""Third Places"" (Squares, Cafes, Parks)",Highly lapsed,Low knowledge
Contemporary Sociology,Sociology of Time and Speed,Slightly lapsed,Extremely low knowledge
Contemporary Sociology,Social Mobility and Meritocracy,Moderately lapsed,Extremely high knowledge
Contemporary Sociology,Youth Cultures and Urban Subcultures,Slightly lapsed,Extremely high knowledge
Astronomy and Astrophysics,Life Cycle of Stars: from Nebulae to White Dwarfs,Extremely lapsed,Low knowledge
Astronomy and Astrophysics,Black Holes and the Event Horizon,Highly lapsed,Moderate knowledge
Astronomy and Astrophysics,Pulsars and Magnetars,Not lapsed,Extremely high knowledge
Astronomy and Astrophysics,The Expansion of the Universe and Hubble's Constant,Highly lapsed,Extremely low knowledge
Astronomy and Astrophysics,Cosmic Microwave Background Radiation,Highly lapsed,Extremely low knowledge
Astronomy and Astrophysics,Formation of Planetary Systems,Highly lapsed,Low knowledge
Astronomy and Astrophysics,Active Galaxies and Quasars,Not lapsed,Moderate knowledge
Astronomy and Astrophysics,Astrochemistry: Organic Molecules in Space,Extremely lapsed,Extremely low knowledge
Astronomy and Astrophysics,Cataclysmic Events (Supernovae and Gamma-ray Bursts),Highly lapsed,High knowledge
Astronomy and Astrophysics,The Arrow of Time in Cosmology,Not lapsed,High knowledge
Gastronomy and Culinary Cultures,"Fermentation (Koji, Kombucha, Kimchi)",Highly lapsed,Moderate knowledge
Gastronomy and Culinary Cultures,History of Spices and Trade Routes,Extremely lapsed,Moderate knowledge
Gastronomy and Culinary Cultures,Fusion Cuisine and Cultural Identity,Extremely lapsed,Low knowledge
Gastronomy and Culinary Cultures,Street Food as Human Heritage,Moderately lapsed,High knowledge
Gastronomy and Culinary Cultures,Oenology: Terroir and Native Grape Varieties,Not lapsed,Low knowledge
Gastronomy and Culinary Cultures,Specialty Coffee and Extraction Techniques,Moderately lapsed,Moderate knowledge
Gastronomy and Culinary Cultures,Sourdough Baking,Not lapsed,Low knowledge
Gastronomy and Culinary Cultures,Technical Pastry and Chemical Balancing,Highly lapsed,Extremely low knowledge
Gastronomy and Culinary Cultures,Umami: The Fifth Taste,Not lapsed,Moderate knowledge
Gastronomy and Culinary Cultures,Food Waste and Scraps Cooking,Slightly lapsed,Extremely low knowledge
Engineering and Megaprojects,Next-generation Suspension and Cable-stayed Bridges,Moderately lapsed,Low knowledge
Engineering and Megaprojects,Underwater and Transcontinental Tunnels,Not lapsed,Extremely high knowledge
Engineering and Megaprojects,Anti-seismic Skyscrapers and Mass Dampers,Highly lapsed,Extremely high knowledge
Engineering and Megaprojects,Dams and Water Resources Management,Not lapsed,Extremely high knowledge
Engineering and Megaprojects,Infrastructure for Hyperloop,Slightly lapsed,Extremely high knowledge
Engineering and Megaprojects,Airports of the Future and Flow Management,Moderately lapsed,Extremely low knowledge
Engineering and Megaprojects,Geotechnical Engineering and Soil Stability,Slightly lapsed,High knowledge
Engineering and Megaprojects,Large Terrestrial Telescopes (ELT),Slightly lapsed,Low knowledge
Engineering and Megaprojects,Generation IV Nuclear Fission Power Plants,Slightly lapsed,Extremely low knowledge
Engineering and Megaprojects,Decommissioning of Old Industrial Structures,Extremely lapsed,Extremely high knowledge
Languages and Linguistics,Origin of Language and Protolanguages,Not lapsed,High knowledge
Languages and Linguistics,Dialects and Preservation of Endangered Languages,Extremely lapsed,Moderate knowledge
Languages and Linguistics,Semantics and Pragmatics of Communication,Moderately lapsed,Moderate knowledge
Languages and Linguistics,Evolution of Internet Slang,Not lapsed,Extremely high knowledge
Languages and Linguistics,Language Learning in Adulthood,Slightly lapsed,High knowledge
Languages and Linguistics,Sign Language and Visual Communication,Extremely lapsed,Extremely high knowledge
Languages and Linguistics,Machine Translation and Neural Limits,Extremely lapsed,Extremely high knowledge
Languages and Linguistics,Etymology of Common Words,Highly lapsed,Low knowledge
Languages and Linguistics,Bilingualism and Cognitive Development,Highly lapsed,Moderate knowledge
Languages and Linguistics,Construction of Artificial Languages (Conlangs like Esperanto),Extremely lapsed,Extremely low knowledge
Photography and Visual Arts,Analog vs Digital Photography,Highly lapsed,High knowledge
Photography and Visual Arts,Composition and Rule of Thirds,Extremely lapsed,Extremely low knowledge
Photography and Visual Arts,Photojournalism and Image Ethics,Highly lapsed,Extremely low knowledge
Photography and Visual Arts,Astrophotography: Capturing the Deep Sky,Not lapsed,High knowledge
Photography and Visual Arts,Cinematic Post-production (Color Grading),Extremely lapsed,Extremely low knowledge
Photography and Visual Arts,Street Photography and the Right to Privacy,Slightly lapsed,Moderate knowledge
Photography and Visual Arts,Macro and Nature Photography,Not lapsed,Extremely low knowledge
Photography and Visual Arts,Use of Natural Light vs Flash Light,Highly lapsed,Moderate knowledge
Photography and Visual Arts,History of Photography: from Daguerreotypes to Instagram,Moderately lapsed,Moderate knowledge
Photography and Visual Arts,Long Exposure and Creative Techniques,Slightly lapsed,Extremely low knowledge
Marine Sciences (Oceanography),Ocean Currents and Climate Regulation,Not lapsed,Extremely low knowledge
Marine Sciences (Oceanography),Coral Reefs and Bleaching,Not lapsed,Moderate knowledge
Marine Sciences (Oceanography),Abyssal Fauna and Extreme Adaptations,Moderately lapsed,Moderate knowledge
Marine Sciences (Oceanography),Ocean Acidification,Not lapsed,Extremely low knowledge
Marine Sciences (Oceanography),Energy from the Sea (Wave and Tidal),Not lapsed,Extremely high knowledge
Marine Sciences (Oceanography),Marine Archaeology and Shipwrecks,Highly lapsed,Extremely high knowledge
Marine Sciences (Oceanography),Dead Zones (Hypoxia) in the Oceans,Not lapsed,Low knowledge
Marine Sciences (Oceanography),Migrations of Great Cetaceans,Slightly lapsed,Low knowledge
Marine Sciences (Oceanography),Seafloor Geology and Plate Tectonics,Highly lapsed,Extremely high knowledge
Marine Sciences (Oceanography),Underwater Mineral Resources,Extremely lapsed,Low knowledge
Time Management and Productivity,Pomodoro Technique and Time Blocking,Slightly lapsed,Moderate knowledge
Time Management and Productivity,"""Getting Things Done"" (GTD) Method",Not lapsed,Extremely high knowledge
Time Management and Productivity,Deep Work and Intense Concentration,Not lapsed,Extremely low knowledge
Time Management and Productivity,Eliminating Digital Distractions,Highly lapsed,High knowledge
Time Management and Productivity,Eisenhower Matrix (Urgent vs Important),Extremely lapsed,Low knowledge
Time Management and Productivity,Energy Management vs Time Management,Moderately lapsed,Moderate knowledge
Time Management and Productivity,Morning and Evening Routines of Top Performers,Highly lapsed,Low knowledge
Time Management and Productivity,Effective Delegation and Outsourcing,Extremely lapsed,Low knowledge
Time Management and Productivity,"Project Management Tools (Notion, Trello, Asana)",Highly lapsed,Low knowledge
Time Management and Productivity,Psychology of Procrastination,Moderately lapsed,High knowledge
Archaeology and Mysteries of the Past,"Dating Methods (Carbon-14, Dendrochronology)",Extremely lapsed,High knowledge
Archaeology and Mysteries of the Past,"Lost Civilizations (Doggerland, Atlantis between Myth and Reality)",Moderately lapsed,Low knowledge
Archaeology and Mysteries of the Past,Hieroglyphs and Deciphering Dead Languages,Highly lapsed,High knowledge
Archaeology and Mysteries of the Past,Great Human Migrations in Prehistory,Moderately lapsed,Low knowledge
Archaeology and Mysteries of the Past,Megalithism: Stonehenge and Gobekli Tepe,Slightly lapsed,Low knowledge
Archaeology and Mysteries of the Past,Construction Techniques of the Ancients,Extremely lapsed,Extremely low knowledge
Archaeology and Mysteries of the Past,Recent Archaeological Discoveries via Satellites (Lidar),Highly lapsed,Moderate knowledge
Archaeology and Mysteries of the Past,Human Evolution: Neanderthals and Denisovans,Highly lapsed,Moderate knowledge
Archaeology and Mysteries of the Past,Sunken Treasures and Ancient Trade Routes,Highly lapsed,Moderate knowledge
Archaeology and Mysteries of the Past,Museology and Repatriation of Artifacts,Not lapsed,Extremely low knowledge
Applied Mathematics and Theory,Chaos Theory and the Butterfly Effect,Highly lapsed,Extremely low knowledge
Applied Mathematics and Theory,Prime Numbers and RSA Cryptography,Slightly lapsed,Low knowledge
Applied Mathematics and Theory,The Golden Ratio in Nature and Art,Not lapsed,Low knowledge
Applied Mathematics and Theory,Fractal Geometry,Slightly lapsed,Extremely low knowledge
Applied Mathematics and Theory,Probability and Statistics in Gambling,Slightly lapsed,Extremely high knowledge
Applied Mathematics and Theory,Topology: The Science of Deformable Shapes,Moderately lapsed,Moderate knowledge
Applied Mathematics and Theory,Graph Theory and Social Networks,Highly lapsed,Extremely high knowledge
Applied Mathematics and Theory,Great Unsolved Problems (Riemann Hypothesis),Moderately lapsed,Moderate knowledge
Applied Mathematics and Theory,Sorting and Searching Algorithms,Extremely lapsed,Extremely low knowledge
Applied Mathematics and Theory,Financial Mathematics and Derivatives,Not lapsed,High knowledge
Fashion and Costume,History of Costume from the Renaissance to the 1900s,Highly lapsed,Extremely high knowledge
Fashion and Costume,Haute Couture vs Prêt-à-porter,Slightly lapsed,High knowledge
Fashion and Costume,Technological Fabrics and Wearable Tech,Moderately lapsed,Extremely high knowledge
Fashion and Costume,Psychology of Clothing,Highly lapsed,Low knowledge
Fashion and Costume,The Vintage and Second-hand Market,Slightly lapsed,Extremely high knowledge
Fashion and Costume,Textile Production and Environmental Impact,Not lapsed,High knowledge
Fashion and Costume,The Influence of Pop Icons on Fashion,Slightly lapsed,Extremely high knowledge
Fashion and Costume,Trend Forecasting: How Trends are Born,Moderately lapsed,Low knowledge
Fashion and Costume,Accessories and Their Symbolic Value,Moderately lapsed,Extremely low knowledge
Fashion and Costume,Fashion Branding and Visual Communication,Extremely lapsed,Moderate knowledge
Botany and Gardening,Plant Physiology: How Plants Breathe,Slightly lapsed,High knowledge
Botany and Gardening,Succulents and Adaptations to Arid Climates,Slightly lapsed,Low knowledge
Botany and Gardening,Urban Horticulture and Domestic Hydroponics,Moderately lapsed,Extremely low knowledge
Botany and Gardening,Fungi and Mycelial Networks (Wood Wide Web),Moderately lapsed,Low knowledge
Botany and Gardening,Pruning and Grafting Techniques,Slightly lapsed,Low knowledge
Botany and Gardening,Zen Gardens and Japanese Landscaping,Extremely lapsed,Extremely high knowledge
Botany and Gardening,Medicinal Plants and Phytotherapy,Extremely lapsed,Moderate knowledge
Botany and Gardening,Pollinators and the Decline of Bees,Moderately lapsed,Extremely low knowledge
Botany and Gardening,Bonsai: The Art of Miniature Trees,Highly lapsed,High knowledge
Botany and Gardening,Invasive Alien Species and Local Biodiversity,Slightly lapsed,Moderate knowledge
Religions and Spirituality,History of the Major Monotheistic Religions,Not lapsed,Extremely low knowledge
Religions and Spirituality,"Eastern Philosophies (Buddhism, Taoism, Hinduism)",Slightly lapsed,High knowledge
Religions and Spirituality,Norse and Celtic Mythology,Highly lapsed,Low knowledge
Religions and Spirituality,Contemporary New Religious Movements,Highly lapsed,Extremely high knowledge
Religions and Spirituality,Shamanism and Rites of Passage,Moderately lapsed,Moderate knowledge
Religions and Spirituality,Sociology of Secularization,Slightly lapsed,High knowledge
Religions and Spirituality,The Concept of the Soul in Different Cultures,Highly lapsed,Extremely high knowledge
Religions and Spirituality,"Sacred Architecture: Cathedrals, Mosques, and Temples",Not lapsed,Extremely high knowledge
Religions and Spirituality,Transcendental Meditation and Prayer,Not lapsed,Low knowledge
Religions and Spirituality,Relationship between Science and Faith,Extremely lapsed,Extremely high knowledge
Criminology and Law,Criminal Psychology and Profiling,Extremely lapsed,Extremely high knowledge
Criminology and Law,Scientific Investigation Techniques (Forensics),Highly lapsed,Moderate knowledge
Criminology and Law,History of Punishment and Prison Systems,Slightly lapsed,Extremely low knowledge
Criminology and Law,Cybercrime and Transnational Crimes,Slightly lapsed,Low knowledge
Criminology and Law,International Law and Human Rights,Highly lapsed,Extremely high knowledge
Criminology and Law,Serial Killers: Analysis of Historical Cases,Slightly lapsed,Extremely high knowledge
Criminology and Law,Penal Mediation and Restorative Justice,Slightly lapsed,Extremely low knowledge
Criminology and Law,Corruption and White-collar Crimes,Not lapsed,Extremely high knowledge
Criminology and Law,Evolution of Digital Copyright Laws,Extremely lapsed,Extremely low knowledge
Criminology and Law,"Legal Bioethics (End of Life, Abortion, Euthanasia)",Moderately lapsed,Low knowledge
Zoology and Animal Behavior,Intelligence of Primates and Cetaceans,Moderately lapsed,Extremely high knowledge
Zoology and Animal Behavior,Animal Communication (Chemical and Sound Signals),Not lapsed,Extremely high knowledge
Zoology and Animal Behavior,Hunting Strategies and Camouflage,Moderately lapsed,Low knowledge
Zoology and Animal Behavior,Social Ethology: Hierarchy in Packs,Moderately lapsed,Low knowledge
Zoology and Animal Behavior,Evolution of Species and Natural Selection,Slightly lapsed,Moderate knowledge
Zoology and Animal Behavior,Domestic Animals and Co-evolution with Humans,Extremely lapsed,High knowledge
Zoology and Animal Behavior,Endangered Species and Recovery Programs,Not lapsed,High knowledge
Zoology and Animal Behavior,Seasonal Migrations of Birds,Extremely lapsed,Extremely low knowledge
Zoology and Animal Behavior,Parasitism and Symbiosis in Nature,Slightly lapsed,High knowledge
Zoology and Animal Behavior,Neurobiology of Social Insects,Not lapsed,Moderate knowledge
Geology and Natural Phenomena,Plate Tectonics and Continental Drift,Extremely lapsed,Moderate knowledge
Geology and Natural Phenomena,Volcanology: Types of Eruptions and Monitoring,Slightly lapsed,High knowledge
Geology and Natural Phenomena,Earthquakes: Measurement Scales and Prevention,Extremely lapsed,Extremely high knowledge
Geology and Natural Phenomena,"The Rock Cycle: Sedimentary, Magmatic, Metamorphic",Moderately lapsed,Extremely high knowledge
Geology and Natural Phenomena,Formation of Diamonds and Precious Stones,Slightly lapsed,Extremely high knowledge
Geology and Natural Phenomena,Coastal and Glacial Erosion,Extremely lapsed,Moderate knowledge
Geology and Natural Phenomena,Paleontology: The Study of Fossils,Highly lapsed,Moderate knowledge
Geology and Natural Phenomena,Geomorphology of Canyons and Mountains,Extremely lapsed,Low knowledge
Geology and Natural Phenomena,Earth's Magnetism and Pole Reversal,Not lapsed,Moderate knowledge
Geology and Natural Phenomena,Geothermal Resources,Slightly lapsed,Extremely low knowledge
Marketing and Communication,Emotional Branding and Corporate Storytelling,Moderately lapsed,High knowledge
Marketing and Communication,Influencer Marketing,Not lapsed,Extremely high knowledge
Marketing and Communication,Neuromarketing: What Drives Purchasing,Extremely lapsed,Moderate knowledge
Marketing and Communication,SEO and Search Engine Positioning,Moderately lapsed,Extremely low knowledge
Marketing and Communication,Social Media Management and Crisis Management,Moderately lapsed,Low knowledge
Marketing and Communication,Subliminal Advertising and Visual Persuasion,Highly lapsed,Moderate knowledge
Marketing and Communication,Experiential Marketing,Not lapsed,High knowledge
Marketing and Communication,Data Analysis and Sales Funnels,Not lapsed,Extremely low knowledge
Marketing and Communication,Greenwashing and Ethical Marketing,Slightly lapsed,Extremely low knowledge
Marketing and Communication,Growth Hacking for Startups,Highly lapsed,Extremely high knowledge
Physical Wellness and Biohacking,Cold Exposure (Wim Hof Method),Slightly lapsed,Extremely high knowledge
Physical Wellness and Biohacking,Targeted Nutritional Supplementation (Nootropics),Extremely lapsed,Low knowledge
Physical Wellness and Biohacking,Biometric Data Monitoring (Wearables),Extremely lapsed,Extremely low knowledge
Physical Wellness and Biohacking,Red and Infrared Light Therapy,Not lapsed,High knowledge
Physical Wellness and Biohacking,Strength Training and Bone Density,Not lapsed,Moderate knowledge
Physical Wellness and Biohacking,Flexibility and Joint Mobility,Slightly lapsed,Low knowledge
Physical Wellness and Biohacking,Sleep Hygiene and Circadian Rhythms,Not lapsed,High knowledge
Physical Wellness and Biohacking,Breathing Techniques (Pranayama),Moderately lapsed,Extremely low knowledge
Physical Wellness and Biohacking,Digital Detox,Moderately lapsed,Extremely low knowledge
Physical Wellness and Biohacking,Active Longevity and Primary Prevention,Highly lapsed,Extremely high knowledge
Logistics and Supply Chain,Automated Warehouse Management,Slightly lapsed,Low knowledge
Logistics and Supply Chain,Last-mile Delivery Logistics,Highly lapsed,Extremely low knowledge
Logistics and Supply Chain,"Intermodal Transport (Rail, Road, Sea)",Highly lapsed,Low knowledge
Logistics and Supply Chain,Risk Management in the Supply Chain,Extremely lapsed,Moderate knowledge
Logistics and Supply Chain,Cold Chain (Cold Logistics for Pharmaceuticals and Food),Moderately lapsed,Extremely high knowledge
Logistics and Supply Chain,Blockchain for Goods Traceability,Extremely lapsed,Extremely high knowledge
Logistics and Supply Chain,Route Optimization via Algorithms,Slightly lapsed,Low knowledge
Logistics and Supply Chain,Reverse Logistics and Returns Management,Highly lapsed,Extremely low knowledge
Logistics and Supply Chain,Smart Ports and Customs Digitalization,Extremely lapsed,Low knowledge
Logistics and Supply Chain,Sustainability in Heavy Transport,Moderately lapsed,Moderate knowledge
Meteorology and Climatology,Numerical Weather Prediction Models,Moderately lapsed,Extremely low knowledge
Meteorology and Climatology,"Extreme Phenomena: Hurricanes, Tornadoes, and Cyclones",Slightly lapsed,High knowledge
Meteorology and Climatology,Gulf Stream and Thermohaline Circulation,Highly lapsed,High knowledge
Meteorology and Climatology,Jet Stream Dynamics,Slightly lapsed,Extremely low knowledge
Meteorology and Climatology,Urban Microclimates and Heat Islands,Moderately lapsed,High knowledge
Meteorology and Climatology,"Meteorological Instrumentation (Radar, Satellites, Buoys)",Extremely lapsed,Extremely high knowledge
Meteorology and Climatology,Cloud Physics and Precipitation,Highly lapsed,Extremely low knowledge
Meteorology and Climatology,Paleoclimatology: Studying the Climate of the Past,Highly lapsed,High knowledge
Meteorology and Climatology,El Niño and La Niña (Southern Oscillation),Slightly lapsed,Low knowledge
Meteorology and Climatology,Aeronautical and Nautical Meteorology,Not lapsed,Low knowledge
Cultural Anthropology,Initiation Rites in Different Cultures,Moderately lapsed,High knowledge
Cultural Anthropology,Evolution of Kinship Structures,Extremely lapsed,High knowledge
Cultural Anthropology,Anthropology of Food: Taboos and Traditions,Not lapsed,Moderate knowledge
Cultural Anthropology,Nomadic Cultures and Sedentarism,Moderately lapsed,Low knowledge
Cultural Anthropology,Comparative Mythologies,Extremely lapsed,Moderate knowledge
Cultural Anthropology,Symbolism and Rock Art,Highly lapsed,High knowledge
Cultural Anthropology,Impact of Globalization on Indigenous Languages,Highly lapsed,High knowledge
Cultural Anthropology,Urban Anthropology: Life in Megacities,Highly lapsed,Extremely low knowledge
Cultural Anthropology,Systems of Gift and Reciprocity (The Potlatch),Slightly lapsed,Low knowledge
Cultural Anthropology,Ethnobotany: The Relationship between Humans and Plants,Extremely lapsed,Moderate knowledge
Video Games and Virtual Reality (Gaming),Game Design: Mechanics and Gameplay Loops,Not lapsed,Low knowledge
Video Games and Virtual Reality (Gaming),History of Consoles and Home Computing,Extremely lapsed,High knowledge
Video Games and Virtual Reality (Gaming),Open World Architecture,Extremely lapsed,Low knowledge
Video Games and Virtual Reality (Gaming),"Graphics Engines (Unreal Engine, Unity)",Slightly lapsed,High knowledge
Video Games and Virtual Reality (Gaming),Augmented Reality (AR) applied to Gaming,Highly lapsed,Extremely high knowledge
Video Games and Virtual Reality (Gaming),Interactive Narrative and Branching Storylines,Moderately lapsed,High knowledge
Video Games and Virtual Reality (Gaming),Economy in MMO Games and Microtransactions,Not lapsed,Extremely low knowledge
Video Games and Virtual Reality (Gaming),Evolution of Artificial Intelligence in Enemies,Extremely lapsed,Extremely high knowledge
Video Games and Virtual Reality (Gaming),Cloud Gaming and the Future of Streaming,Not lapsed,Extremely high knowledge
Video Games and Virtual Reality (Gaming),Sound Design and Adaptive Music in Games,Highly lapsed,Extremely low knowledge
Aerospace and Aeronautical Engineering,Aerodynamics and Flight Dynamics,Moderately lapsed,High knowledge
Aerospace and Aeronautical Engineering,"Jet Engines (Turbofans, Scramjets)",Slightly lapsed,High knowledge
Aerospace and Aeronautical Engineering,Avionics and Digital Control Systems,Not lapsed,Moderate knowledge
Aerospace and Aeronautical Engineering,Composite Materials for Weight Reduction,Moderately lapsed,High knowledge
Aerospace and Aeronautical Engineering,Vertical Take-off and Landing Aircraft (VTOL),Not lapsed,Moderate knowledge
Aerospace and Aeronautical Engineering,Global Air Traffic Management,Extremely lapsed,Extremely low knowledge
Aerospace and Aeronautical Engineering,Flight Safety and Accident Investigation,Moderately lapsed,Extremely high knowledge
Aerospace and Aeronautical Engineering,Helicopters and Rotor Physics,Moderately lapsed,Moderate knowledge
Aerospace and Aeronautical Engineering,Wing Design and Lift,Highly lapsed,High knowledge
Aerospace and Aeronautical Engineering,Hydrogen as Aviation Fuel,Highly lapsed,Extremely high knowledge
Sociology of Work and Organization,Smart Working and Hybrid Work,Not lapsed,Extremely low knowledge
Sociology of Work and Organization,Servant Leadership and Talent Management,Not lapsed,Moderate knowledge
Sociology of Work and Organization,"Diversity, Equity, and Inclusion (DEI) in the Company",Slightly lapsed,Low knowledge
Sociology of Work and Organization,Organizational Psychology,Highly lapsed,Low knowledge
Sociology of Work and Organization,Four-day Workweek,Slightly lapsed,Moderate knowledge
Sociology of Work and Organization,Upskilling and Reskilling the Workforce,Slightly lapsed,Extremely low knowledge
Sociology of Work and Organization,Organizational Well-being and Mobbing Prevention,Moderately lapsed,Extremely high knowledge
Sociology of Work and Organization,Corporate Culture and Sense of Belonging,Slightly lapsed,Low knowledge
Sociology of Work and Organization,Automation and Job Displacement,Highly lapsed,Low knowledge
Sociology of Work and Organization,Managing Multicultural and Remote Teams,Extremely lapsed,Moderate knowledge
Chemistry and Biochemistry,Periodic Table: Rare and Transuranic Elements,Not lapsed,Extremely low knowledge
Chemistry and Biochemistry,Organic Chemistry and Drug Synthesis,Not lapsed,Low knowledge
Chemistry and Biochemistry,Polymers and Plastics Chemistry,Slightly lapsed,Moderate knowledge
Chemistry and Biochemistry,Enzymes and Biological Catalysis,Slightly lapsed,Low knowledge
Chemistry and Biochemistry,Electrochemistry: Batteries and Fuel Cells,Extremely lapsed,Extremely high knowledge
Chemistry and Biochemistry,Analytical Chemistry and Spectroscopy,Extremely lapsed,High knowledge
Chemistry and Biochemistry,Radioactivity and Nuclear Chemistry,Not lapsed,Extremely low knowledge
Chemistry and Biochemistry,Green Chemistry,Slightly lapsed,Moderate knowledge
Chemistry and Biochemistry,Chemical Bonds and Molecular Orbitals,Extremely lapsed,Moderate knowledge
Chemistry and Biochemistry,Protein Biochemistry and Folding,Highly lapsed,High knowledge
Theater and Performing Arts,History of Greek and Roman Theater,Extremely lapsed,Low knowledge
Theater and Performing Arts,Commedia dell'Arte and Masks,Highly lapsed,Extremely low knowledge
Theater and Performing Arts,Stanislavski Method and Modern Acting,Slightly lapsed,High knowledge
Theater and Performing Arts,Theatrical Scenography and Lighting Design,Slightly lapsed,Extremely high knowledge
Theater and Performing Arts,Contemporary Dramaturgy,Extremely lapsed,Extremely low knowledge
Theater and Performing Arts,Opera and Musical Theater,Extremely lapsed,Moderate knowledge
Theater and Performing Arts,Theater of the Absurd and Avant-gardes,Highly lapsed,Extremely low knowledge
Theater and Performing Arts,Performance Art and Body Art,Slightly lapsed,Low knowledge
Theater and Performing Arts,Theatrical Improvisation,Slightly lapsed,High knowledge
Theater and Performing Arts,Theatrical Directing: Vision and Interpretation,Moderately lapsed,Extremely high knowledge
Landscape Ecology and Forestry,Forest Management and Reforestation,Slightly lapsed,Extremely low knowledge
Landscape Ecology and Forestry,River Ecology and Basin Management,Not lapsed,High knowledge
Landscape Ecology and Forestry,Ecological Corridors for Wildlife,Highly lapsed,High knowledge
Landscape Ecology and Forestry,Ecosystem Services of Nature,Not lapsed,Extremely low knowledge
Landscape Ecology and Forestry,Forest Fire Prevention,Slightly lapsed,Extremely low knowledge
Landscape Ecology and Forestry,Restoration of Degraded Habitats,Slightly lapsed,Extremely high knowledge
Landscape Ecology and Forestry,Agroforestry,Highly lapsed,Extremely high knowledge
Landscape Ecology and Forestry,Dynamics of Plant Populations,Not lapsed,High knowledge
Landscape Ecology and Forestry,Impact of Exotic Species in Forests,Not lapsed,Extremely high knowledge
Landscape Ecology and Forestry,Conservation of Forest Soils,Slightly lapsed,Extremely high knowledge
Democracy and Political Systems,Electoral Systems (Proportional vs Majoritarian),Not lapsed,Low knowledge
Democracy and Political Systems,Theory of the Separation of Powers,Moderately lapsed,Low knowledge
Democracy and Political Systems,Populism and Mass Movements,Moderately lapsed,Low knowledge
Democracy and Political Systems,"Federalism, Centralism, and Autonomies",Extremely lapsed,Extremely high knowledge
Democracy and Political Systems,Geopolitics of Human Rights,Extremely lapsed,Extremely low knowledge
Democracy and Political Systems,Lobbying and Pressure Groups,Extremely lapsed,Low knowledge
Democracy and Political Systems,Transparency and the Fight against Political Corruption,Highly lapsed,Low knowledge
Democracy and Political Systems,Comparative Government Systems (Presidentialism vs Parliamentarism),Not lapsed,Moderate knowledge
Democracy and Political Systems,Digital Participation and E-democracy,Not lapsed,Moderate knowledge
Democracy and Political Systems,History of Democratic Thought,Extremely lapsed,Extremely low knowledge
Experimental Neuroscience,Mapping the Human Connectome,Highly lapsed,Extremely low knowledge
Experimental Neuroscience,Biological Bases of Consciousness,Not lapsed,High knowledge
Experimental Neuroscience,Processes of Memorization and Forgetting,Not lapsed,Low knowledge
Experimental Neuroscience,Neurobiology of Addictions,Moderately lapsed,Low knowledge
Experimental Neuroscience,Sensory Perception and Synesthesia,Highly lapsed,Moderate knowledge
Experimental Neuroscience,Brain Development in Childhood and Adolescence,Extremely lapsed,Extremely low knowledge
Experimental Neuroscience,"Neurodegenerative Diseases (Alzheimer's, Parkinson's)",Slightly lapsed,High knowledge
Experimental Neuroscience,The Role of Dopamine and Serotonin,Slightly lapsed,Extremely high knowledge
Experimental Neuroscience,REM Sleep and Dream Activity,Slightly lapsed,Low knowledge
Experimental Neuroscience,Post-traumatic Brain Plasticity,Moderately lapsed,Extremely low knowledge
Transport and Future Mobility,Magnetic Levitation Trains (Maglev),Not lapsed,Moderate knowledge
Transport and Future Mobility,Level 5 Autonomous Driving,Not lapsed,High knowledge
Transport and Future Mobility,Mobility as a Service (MaaS),Slightly lapsed,High knowledge
Transport and Future Mobility,Infrastructure for Inductive Charging,Highly lapsed,High knowledge
Transport and Future Mobility,Pedal-assisted Bicycles and Urban Cycling,Slightly lapsed,Extremely high knowledge
Transport and Future Mobility,Bus Rapid Transit (BRT) Systems,Extremely lapsed,Extremely high knowledge
Transport and Future Mobility,Drone Logistics in Urban Areas,Not lapsed,High knowledge
Transport and Future Mobility,Road Safety and Vision Zero,Not lapsed,Extremely high knowledge
Transport and Future Mobility,Decarbonization of Maritime Transport,Slightly lapsed,Extremely high knowledge
Transport and Future Mobility,Sharing Economy applied to Transport,Highly lapsed,Extremely low knowledge
Comics and Graphic Novels,"History of American Comics (Golden, Silver, Modern Age)",Highly lapsed,Moderate knowledge
Comics and Graphic Novels,Evolution of Japanese Manga,Moderately lapsed,Extremely low knowledge
Comics and Graphic Novels,The Franco-Belgian School (Ligne Claire),Highly lapsed,Moderate knowledge
Comics and Graphic Novels,Graphic Journalism (Comics as Investigation),Moderately lapsed,Extremely low knowledge
Comics and Graphic Novels,Storyboarding and Panel Grammar,Highly lapsed,High knowledge
Comics and Graphic Novels,Webtoons and Digital Comics,Slightly lapsed,Low knowledge
Comics and Graphic Novels,Auteur Comics in Italy,Slightly lapsed,Extremely high knowledge
Comics and Graphic Novels,Superheroes: Archetypes and Deconstruction of the Myth,Moderately lapsed,Extremely high knowledge
Comics and Graphic Novels,Inking and Coloring Techniques,Highly lapsed,Extremely low knowledge
Comics and Graphic Novels,Editing and Publishing,Moderately lapsed,Low knowledge
Emergency Management and Civil Protection,Prediction and Prevention of Natural Risks,Not lapsed,Extremely high knowledge
Emergency Management and Civil Protection,Humanitarian Logistics in Disasters,Extremely lapsed,Low knowledge
Emergency Management and Civil Protection,Crowd Management in Public Events,Moderately lapsed,Extremely high knowledge
Emergency Management and Civil Protection,Evacuation Plans and Psychology of Emergencies,Moderately lapsed,Extremely high knowledge
Emergency Management and Civil Protection,First Aid and Disaster Medicine,Extremely lapsed,Extremely high knowledge
Emergency Management and Civil Protection,Crisis Communication and Early Warning,Highly lapsed,Moderate knowledge
Emergency Management and Civil Protection,Satellite Technologies for Damage Monitoring,Extremely lapsed,Low knowledge
Emergency Management and Civil Protection,Resilience of Critical Infrastructures,Slightly lapsed,Low knowledge
Emergency Management and Civil Protection,Role of Organized Volunteering,Slightly lapsed,Extremely high knowledge
Emergency Management and Civil Protection,Pandemic Response and Biosecurity,Not lapsed,Extremely high knowledge
Aesthetics and Theory of Art,The Concept of the Sublime in Art,Not lapsed,Low knowledge
Aesthetics and Theory of Art,Iconoclasm and the Destruction of Images,Highly lapsed,Extremely low knowledge
Aesthetics and Theory of Art,The Social Function of Contemporary Art,Not lapsed,Moderate knowledge
Aesthetics and Theory of Art,Semiotics of the Image,Not lapsed,Low knowledge
Aesthetics and Theory of Art,Museology and Exhibition Curating,Not lapsed,Extremely low knowledge
Aesthetics and Theory of Art,Art Market and Auction Houses,Slightly lapsed,Extremely low knowledge
Aesthetics and Theory of Art,Restoration and Conservation of Artworks,Slightly lapsed,Extremely low knowledge
Aesthetics and Theory of Art,Generative and Algorithmic Art,Highly lapsed,High knowledge
Aesthetics and Theory of Art,The Golden Ratio and Proportions in Art,Slightly lapsed,Moderate knowledge
Aesthetics and Theory of Art,Street Art: Between Vandalism and Urban Enhancement,Not lapsed,Extremely low knowledge
Hydrology and Water Resources,The Water Cycle and Water Balance,Not lapsed,High knowledge
Hydrology and Water Resources,Seawater Desalination,Extremely lapsed,Extremely high knowledge
Hydrology and Water Resources,Groundwater Management (Aquifers),Not lapsed,Low knowledge
Hydrology and Water Resources,Purification and Treatment of Wastewater,Moderately lapsed,Low knowledge
Hydrology and Water Resources,Engineering of Urban Water Networks,Extremely lapsed,Extremely low knowledge
Hydrology and Water Resources,"Water Rights and the ""Blue Gold Wars""",Moderately lapsed,High knowledge
Hydrology and Water Resources,Chemical Pollution of Rivers,Extremely lapsed,Low knowledge
Hydrology and Water Resources,Drip Irrigation Techniques and Agricultural Savings,Extremely lapsed,Extremely low knowledge
Hydrology and Water Resources,Flood Management and Retention Basins,Slightly lapsed,Low knowledge
Hydrology and Water Resources,Drinking Water Quality and Health Standards,Moderately lapsed,Extremely high knowledge
Philosophy of Science (Epistemology),The Scientific Method: Induction vs Deduction,Moderately lapsed,Extremely high knowledge
Philosophy of Science (Epistemology),Karl Popper's Falsificationism,Highly lapsed,High knowledge
Philosophy of Science (Epistemology),Paradigms and Scientific Revolutions (Thomas Kuhn),Slightly lapsed,Extremely high knowledge
Philosophy of Science (Epistemology),Relationship between Observer and Observed,Moderately lapsed,Moderate knowledge
Philosophy of Science (Epistemology),Scientific Realism vs Antirealism,Not lapsed,Low knowledge
Philosophy of Science (Epistemology),Ethics of Scientific Research,Extremely lapsed,High knowledge
Philosophy of Science (Epistemology),History of Science: from Galileo to Quantum Physics,Extremely lapsed,Moderate knowledge
Philosophy of Science (Epistemology),The Role of Models and Simulations,Extremely lapsed,Extremely low knowledge
Philosophy of Science (Epistemology),Science and Pseudoscience: The Problem of Demarcation,Highly lapsed,Extremely high knowledge
Philosophy of Science (Epistemology),Reductionism vs Holism,Not lapsed,Low knowledge
Craftsmanship and Know-How,Woodworking and Cabinetmaking,Extremely lapsed,Extremely high knowledge
Craftsmanship and Know-How,Glass Art (Murano and beyond),Highly lapsed,Extremely low knowledge
Craftsmanship and Know-How,Ceramics and Clay Modeling,Extremely lapsed,Moderate knowledge
Craftsmanship and Know-How,Custom Tailoring and Pattern Making,Not lapsed,High knowledge
Craftsmanship and Know-How,Metalworking and Jewelry,Moderately lapsed,Extremely high knowledge
Craftsmanship and Know-How,Artisanal Bookbinding and Book Restoration,Not lapsed,Moderate knowledge
Craftsmanship and Know-How,Loom Weaving and Natural Dyes,Slightly lapsed,High knowledge
Craftsmanship and Know-How,Leatherworking and Tanning Techniques,Moderately lapsed,High knowledge
Craftsmanship and Know-How,Luthiery: The Construction of Bowed Instruments,Not lapsed,Moderate knowledge
Craftsmanship and Know-How,The Value of Craftsmanship in the Digital Age,Slightly lapsed,Extremely low knowledge
Applied Ethics,Clinical Bioethics and End-of-Life Decisions,Slightly lapsed,Extremely low knowledge
Applied Ethics,Ethics of Algorithms and Social Media,Moderately lapsed,Extremely low knowledge
Applied Ethics,Environmental Ethics and Animal Rights,Slightly lapsed,Moderate knowledge
Applied Ethics,Business Ethics and Social Responsibility,Extremely lapsed,Moderate knowledge
Applied Ethics,Rights of Future Generations,Not lapsed,Extremely low knowledge
Applied Ethics,Ethics of War and Autonomous Drones,Moderately lapsed,Extremely high knowledge
Applied Ethics,Sexual Morality and New Freedoms,Highly lapsed,Extremely low knowledge
Applied Ethics,Ethics of Communication and Post-truth,Slightly lapsed,Extremely low knowledge
Applied Ethics,Distributive Justice and Global Poverty,Moderately lapsed,High knowledge
Applied Ethics,Academic and Scientific Integrity,Slightly lapsed,Extremely low knowledge
Urban Exploration and Outdoor,Mountaineering and History of Great Climbs,Extremely lapsed,Extremely low knowledge
Urban Exploration and Outdoor,Long-distance Trekking (Thru-hiking),Moderately lapsed,Extremely low knowledge
Urban Exploration and Outdoor,Bushcraft: Primitive Survival Techniques,Extremely lapsed,Low knowledge
Urban Exploration and Outdoor,Speleology: Cave Exploration,Moderately lapsed,High knowledge
Urban Exploration and Outdoor,Orienteering and Navigation with Map and Compass,Highly lapsed,High knowledge
Urban Exploration and Outdoor,Urban Exploration (Urbex) and Abandoned Sites,Slightly lapsed,Low knowledge
Urban Exploration and Outdoor,Landscape Photography in Extreme Conditions,Slightly lapsed,Low knowledge
Urban Exploration and Outdoor,Parkour and Movement in the Urban Environment,Moderately lapsed,Extremely low knowledge
Urban Exploration and Outdoor,Camping and Nomadic Life (Vanlife),Highly lapsed,High knowledge
Urban Exploration and Outdoor,Management of National Parks and Nature Reserves,Extremely lapsed,Extremely high knowledge
Forensic Sciences and Investigation,DNA Analysis and Genetic Databases,Not lapsed,High knowledge
Forensic Sciences and Investigation,Forensic Toxicology: Detection of Poisons and Drugs,Extremely lapsed,Moderate knowledge
Forensic Sciences and Investigation,Ballistics and Trajectory Analysis,Moderately lapsed,Low knowledge
Forensic Sciences and Investigation,Dactyloscopy (Study of Fingerprints),Not lapsed,Extremely high knowledge
Forensic Sciences and Investigation,Forensic Entomology: Insects to Date Death,Moderately lapsed,High knowledge
Forensic Sciences and Investigation,Forensic Computing: Data Recovery from Seized Devices,Moderately lapsed,Low knowledge
Forensic Sciences and Investigation,Forensic Anthropology: Identification from Skeletal Remains,Extremely lapsed,High knowledge
Forensic Sciences and Investigation,Bloodstain Pattern Analysis (BPA),Moderately lapsed,Extremely low knowledge
Forensic Sciences and Investigation,Judicial Graphology and Document Forgery,Slightly lapsed,High knowledge
Forensic Sciences and Investigation,Interrogation Techniques and Deception Detection,Moderately lapsed,High knowledge
Retail and Customer Experience,Visual Merchandising: The Organization of Display Spaces,Not lapsed,High knowledge
Retail and Customer Experience,Psychology of the Point of Sale and Purchasing Paths,Slightly lapsed,Extremely high knowledge
Retail and Customer Experience,Experience Personalization via Big Data,Highly lapsed,Low knowledge
Retail and Customer Experience,Loyalty Programs and Retention Strategies,Highly lapsed,High knowledge
Retail and Customer Experience,Omnichannel Integration (Physical and Digital),Not lapsed,Extremely low knowledge
Retail and Customer Experience,Augmented Reality for Product Trial (Virtual Try-on),Moderately lapsed,Extremely high knowledge
Retail and Customer Experience,Management of Customer Flows and Queues,Moderately lapsed,Low knowledge
Retail and Customer Experience,Predictive Customer Service via AI,Not lapsed,High knowledge
Retail and Customer Experience,The Future of Shopping Centers (Malls Transformed into Civic Centers),Not lapsed,High knowledge
Retail and Customer Experience,Mystery Shopping and Quality Control,Extremely lapsed,High knowledge
Publishing and Media,The Transition from Print to Digital-only,Highly lapsed,Low knowledge
Publishing and Media,Business Models: Subscriptions vs Advertising,Extremely lapsed,Moderate knowledge
Publishing and Media,Podcasts and the Rise of Audio Entertainment,Highly lapsed,High knowledge
Publishing and Media,Newsletters and the Curated Attention Economy,Not lapsed,Moderate knowledge
Publishing and Media,Fact-checking and the Fight against Fake News,Moderately lapsed,High knowledge
Publishing and Media,Investigative Journalism and Source Protection,Slightly lapsed,Moderate knowledge
Publishing and Media,Press Freedom and Global Censorship,Slightly lapsed,Moderate knowledge
Publishing and Media,"Editorial Editing: The Figure of the ""Ghostwriter""",Not lapsed,Extremely low knowledge
Publishing and Media,Copyrights and Creative Commons Licenses,Moderately lapsed,High knowledge
Publishing and Media,The Impact of User-Generated Content (UGC),Not lapsed,Extremely high knowledge
Microeconomics and Local Markets,Theory of Supply and Demand,Highly lapsed,Extremely high knowledge
Microeconomics and Local Markets,Economy of Italian Industrial Districts,Slightly lapsed,Extremely high knowledge
Microeconomics and Local Markets,"Local Markets and ""Zero Mile"" Circuits",Moderately lapsed,Extremely high knowledge
Microeconomics and Local Markets,Cooperativism and Social Enterprises,Not lapsed,Moderate knowledge
Microeconomics and Local Markets,Purchasing Power and the Cost of Living,Moderately lapsed,Moderate knowledge
Microeconomics and Local Markets,Microcredit for the Development of Small Businesses,Moderately lapsed,Extremely low knowledge
Microeconomics and Local Markets,Price Dynamics in the Local Real Estate Market,Moderately lapsed,High knowledge
Microeconomics and Local Markets,Fair Trade,Slightly lapsed,Extremely high knowledge
Microeconomics and Local Markets,The Impact of Tourism on City Economies,Highly lapsed,Extremely high knowledge
Microeconomics and Local Markets,Cost-Benefit Analysis in Public Decisions,Not lapsed,Extremely high knowledge
Biophysics and Biomechanics,Structure and Dynamics of Cell Membranes,Extremely lapsed,Extremely high knowledge
Biophysics and Biomechanics,Molecular Motors and Intracellular Transport,Extremely lapsed,Low knowledge
Biophysics and Biomechanics,Biomechanics of the Spine and Posture,Moderately lapsed,Low knowledge
Biophysics and Biomechanics,Propagation of the Nerve Impulse (Hodgkin-Huxley Model),Not lapsed,Low knowledge
Biophysics and Biomechanics,Interaction between Radiation and Biological Tissues,Extremely lapsed,Extremely low knowledge
Biophysics and Biomechanics,Gait Analysis and Movement Kinematics,Highly lapsed,Extremely high knowledge
Biophysics and Biomechanics,Fluid Mechanics in the Circulatory System,Moderately lapsed,High knowledge
Biophysics and Biomechanics,Biophotonics: Light Emission by Organisms,Moderately lapsed,Extremely low knowledge
Biophysics and Biomechanics,Mathematical Modeling of Biological Systems,Extremely lapsed,High knowledge
Biophysics and Biomechanics,Thermodynamics of Vital Processes,Not lapsed,Extremely low knowledge
Animation Cinema,Traditional Hand-drawn Animation (2D),Slightly lapsed,High knowledge
Animation Cinema,"CGI and 3D Modeling (Pixar, Dreamworks)",Moderately lapsed,Extremely low knowledge
Animation Cinema,Stop-motion: The Art of Frame-by-Frame,Slightly lapsed,Moderate knowledge
Animation Cinema,Japanese Anime and Their Global Impact,Extremely lapsed,Moderate knowledge
Animation Cinema,History of Walt Disney Studios,Highly lapsed,High knowledge
Animation Cinema,Motion Capture Techniques,Not lapsed,Extremely low knowledge
Animation Cinema,Storyboarding and Animatic for Pre-visualization,Moderately lapsed,Extremely low knowledge
Animation Cinema,Experimental and Avant-garde Animation,Extremely lapsed,Extremely low knowledge
Animation Cinema,Dubbing and Voice Characterization,Extremely lapsed,Low knowledge
Animation Cinema,"Adult Animation (Adult Swim, Auteur Series)",Moderately lapsed,High knowledge
Human Resources (HR) Management,Recruiting Techniques and Behavioral Interviews,Slightly lapsed,Extremely high knowledge
Human Resources (HR) Management,Onboarding: Integrating New Employees,Not lapsed,High knowledge
Human Resources (HR) Management,Performance Evaluation and 360° Feedback,Moderately lapsed,Extremely low knowledge
Human Resources (HR) Management,Incentive Plans and Corporate Benefits,Moderately lapsed,Extremely high knowledge
Human Resources (HR) Management,Employer Branding: Attracting Top Talent,Extremely lapsed,Moderate knowledge
Human Resources (HR) Management,Conflict Management and Internal Negotiation,Moderately lapsed,Extremely high knowledge
Human Resources (HR) Management,Continuous Training and Learning & Development,Moderately lapsed,Extremely high knowledge
Human Resources (HR) Management,Health and Safety in the Workplace,Slightly lapsed,Extremely low knowledge
Human Resources (HR) Management,Diversity & Inclusion Management,Highly lapsed,Moderate knowledge
Human Resources (HR) Management,"Managing the ""Great Resignation"" and Retention",Not lapsed,Low knowledge
Volcanology and Geological Risks,"Types of Volcanoes: Shield, Stratovolcanoes, Calderas",Moderately lapsed,High knowledge
Volcanology and Geological Risks,Seismic and Geochemical Monitoring of Craters,Not lapsed,High knowledge
Volcanology and Geological Risks,Lahars and Pyroclastic Flows: The Greatest Dangers,Moderately lapsed,Extremely high knowledge
Volcanology and Geological Risks,Predicting Eruptions: Precursor Signals,Highly lapsed,Moderate knowledge
Volcanology and Geological Risks,Geothermal Energy: Power from Volcanic Heat,Slightly lapsed,Extremely low knowledge
Volcanology and Geological Risks,The Vesuvius Risk and the Phlegraean Fields,Extremely lapsed,Moderate knowledge
Volcanology and Geological Risks,Submarine Volcanism and Emerging Islands,Extremely lapsed,High knowledge
Volcanology and Geological Risks,Impact of Volcanic Ash on Air Traffic,Slightly lapsed,Low knowledge
Volcanology and Geological Risks,"History of Great Eruptions (Pompeii, Krakatoa, Tambora)",Not lapsed,Low knowledge
Volcanology and Geological Risks,"Extraterrestrial Volcanoes (Io, Mars)",Highly lapsed,High knowledge
Fashion Tech and Innovative Materials,Smart Clothes with Integrated Biometric Sensors,Moderately lapsed,Low knowledge
Fashion Tech and Innovative Materials,Fabrics Produced by Fungi or Bacteria (Bio-fashion),Extremely lapsed,Extremely high knowledge
Fashion Tech and Innovative Materials,3D Printing of Clothing and Footwear,Not lapsed,Extremely high knowledge
Fashion Tech and Innovative Materials,Nanotechnologies for Water-repellent or Fireproof Fabrics,Highly lapsed,Extremely low knowledge
Fashion Tech and Innovative Materials,Chemical Recycling of Textile Fibers,Not lapsed,Low knowledge
Fashion Tech and Innovative Materials,Digital Fashion and Clothes for the Metaverse,Extremely lapsed,High knowledge
Fashion Tech and Innovative Materials,E-textiles and Flexible Circuits,Moderately lapsed,High knowledge
Fashion Tech and Innovative Materials,Supply Chain Traceability via NFC or QR Code,Slightly lapsed,Extremely high knowledge
Fashion Tech and Innovative Materials,Self-lacing Sneakers and Cushioning Technologies,Highly lapsed,Low knowledge
Fashion Tech and Innovative Materials,Sustainability of Natural vs Synthetic Dyes,Not lapsed,Extremely low knowledge
Epigraphy and Paleography,Study of Inscriptions on Stone and Metal,Slightly lapsed,Moderate knowledge
Epigraphy and Paleography,"Evolution of Latin Scripts (Capital, Uncial, Gothic)",Moderately lapsed,Moderate knowledge
Epigraphy and Paleography,Decipherment of Unknown Writing Systems,Highly lapsed,Extremely high knowledge
Epigraphy and Paleography,"Ancient Writing Materials: Papyrus, Parchment, Wax",Not lapsed,High knowledge
Epigraphy and Paleography,History of the Phoenician Alphabet and Its Derivations,Extremely lapsed,Extremely low knowledge
Epigraphy and Paleography,Writing Instruments: From Stylus to Quill Pen,Extremely lapsed,Low knowledge
Epigraphy and Paleography,Conservation and Restoration of Ancient Manuscripts,Extremely lapsed,Low knowledge
Epigraphy and Paleography,Digitization of Historical Archives and Manuscripts,Not lapsed,Low knowledge
Epigraphy and Paleography,Sigillography: The Study of Seals,Not lapsed,Moderate knowledge
Epigraphy and Paleography,Relationship between Writing and Power in Medieval Courts,Highly lapsed,Low knowledge
Information and Software Engineering,Microservices Architectures,Extremely lapsed,Low knowledge
Information and Software Engineering,"Cloud Computing: IaaS, PaaS, and SaaS",Highly lapsed,Extremely low knowledge
Information and Software Engineering,Agile and Scrum Methodologies,Moderately lapsed,Extremely high knowledge
Information and Software Engineering,DevOps and Continuous Integration (CI/CD),Not lapsed,Low knowledge
Information and Software Engineering,User Interface (UI) and User Experience (UX) Design,Slightly lapsed,Extremely low knowledge
Information and Software Engineering,Native vs Cross-platform App Development,Not lapsed,Extremely high knowledge
Information and Software Engineering,SQL vs NoSQL Databases,Highly lapsed,High knowledge
Information and Software Engineering,API (Application Programming Interfaces) and Integrations,Slightly lapsed,Moderate knowledge
Information and Software Engineering,Automated Testing and Code Quality Control,Highly lapsed,High knowledge
Information and Software Engineering,"Containerization (Docker, Kubernetes)",Highly lapsed,Moderate knowledge
Insect Ethology (Entomology),Social Organization in Ant Colonies,Slightly lapsed,High knowledge
Insect Ethology (Entomology),Waggle Dance of Bees and Distance Communication,Highly lapsed,Extremely low knowledge
Insect Ethology (Entomology),Metamorphosis: Biology and Hormonal Control,Highly lapsed,Moderate knowledge
Insect Ethology (Entomology),Defense Strategies: Camouflage and Aposematism,Slightly lapsed,Low knowledge
Insect Ethology (Entomology),Insects as Bioindicators of Environmental Quality,Moderately lapsed,Moderate knowledge
Insect Ethology (Entomology),Pollination and Co-evolution with Angiosperms,Moderately lapsed,Low knowledge
Insect Ethology (Entomology),Parasitoid Insects and Biological Control in Agriculture,Moderately lapsed,Low knowledge
Insect Ethology (Entomology),Bioacoustics: How Cicadas and Crickets Sing,Slightly lapsed,Extremely low knowledge
Insect Ethology (Entomology),Architecture of Hives and Anthills,Highly lapsed,Moderate knowledge
Insect Ethology (Entomology),"Insect Migrations (e.g., Monarch Butterfly)",Highly lapsed,Extremely high knowledge
Network Theory and Complex Systems,Small Worlds: Six Degrees of Separation Theory,Extremely lapsed,Low knowledge
Network Theory and Complex Systems,Robustness of Networks to Attacks and Failures,Slightly lapsed,Extremely high knowledge
Network Theory and Complex Systems,Spread of Epidemics and Information in Networks,Extremely lapsed,High knowledge
Network Theory and Complex Systems,Biological vs Artificial Neural Networks,Not lapsed,Moderate knowledge
Network Theory and Complex Systems,Network Economics and Interconnected Markets,Not lapsed,Moderate knowledge
Network Theory and Complex Systems,Topology of the Internet and the Web,Highly lapsed,Extremely low knowledge
Network Theory and Complex Systems,Synchronization in Biological Systems,Extremely lapsed,High knowledge
Network Theory and Complex Systems,Centrality and Influence in Social Networks,Slightly lapsed,High knowledge
Network Theory and Complex Systems,Graph Theory Applied to Logistics,Highly lapsed,Extremely low knowledge
Network Theory and Complex Systems,Emergent Behaviors in Flocks and Crowds,Moderately lapsed,Low knowledge
Hydrogeology and Soil Management,Formation and Protection of Aquifers,Slightly lapsed,Moderate knowledge
Hydrogeology and Soil Management,Subsidence and Lowering of Ground Level,Moderately lapsed,Moderate knowledge
Hydrogeology and Soil Management,Hydrogeological Instability: Landslides and Mudslides,Highly lapsed,Moderate knowledge
Hydrogeology and Soil Management,Chemistry of Groundwater,Extremely lapsed,Low knowledge
Hydrogeology and Soil Management,Soil Permeability and Urbanization,Highly lapsed,Low knowledge
Hydrogeology and Soil Management,Remediation of Contaminated Sites and Landfills,Not lapsed,Moderate knowledge
Hydrogeology and Soil Management,Soil Erosion and Desertification,Moderately lapsed,High knowledge
Hydrogeology and Soil Management,Artesian Wells and Water Exploitation,Moderately lapsed,Moderate knowledge
Hydrogeology and Soil Management,Modeling of Surface Runoff,Slightly lapsed,Low knowledge
Hydrogeology and Soil Management,Slope Consolidation Techniques,Moderately lapsed,High knowledge
Developmental Psychology,Cognitive Development in Infants (Piaget),Highly lapsed,Extremely low knowledge
Developmental Psychology,Attachment Theory (Bowlby),Extremely lapsed,Low knowledge
Developmental Psychology,Language Acquisition and Developmental Milestones,Moderately lapsed,Extremely high knowledge
Developmental Psychology,The Importance of Play in Psychological Development,Slightly lapsed,Low knowledge
Developmental Psychology,Adolescence: Identity Crisis and Detachment from Parents,Not lapsed,Extremely low knowledge
Developmental Psychology,Learning Disabilities (SpLD),Moderately lapsed,Extremely low knowledge
Developmental Psychology,Bullying and Cyberbullying: Prevention in Schools,Moderately lapsed,Moderate knowledge
Developmental Psychology,Impact of Screens on Early Brain Development,Moderately lapsed,Extremely low knowledge
Developmental Psychology,Moral Development and Sense of Justice in Children,Slightly lapsed,Extremely low knowledge
Developmental Psychology,Sibling Dynamics and Birth Order,Moderately lapsed,High knowledge
Comparative Mythology and Folklore,"Universal Archetypes (The Great Flood, The Tree of Life)",Slightly lapsed,Extremely low knowledge
Comparative Mythology and Folklore,"Mythologies of Arctic Populations (Inuit, Sami)",Moderately lapsed,Extremely low knowledge
Comparative Mythology and Folklore,Urban Legends in the Digital Age (Creepypasta),Extremely lapsed,Moderate knowledge
Comparative Mythology and Folklore,Solar and Lunar Deities in Different Cultures,Highly lapsed,Extremely low knowledge
Comparative Mythology and Folklore,"Monsters and Legendary Creatures (Dragons, Chimeras, Yokai)",Moderately lapsed,High knowledge
Comparative Mythology and Folklore,Evolution of Folktales (from Grimm to Disney),Highly lapsed,High knowledge
Comparative Mythology and Folklore,Cults of the Dead and World Funerary Traditions,Highly lapsed,Low knowledge
Comparative Mythology and Folklore,"Nature Spirits: Fairies, Gnomes, and Nymphs",Highly lapsed,Extremely low knowledge
Comparative Mythology and Folklore,Animal Symbolism in Myths,Moderately lapsed,High knowledge
Comparative Mythology and Folklore,Festivals and Rituals Linked to Solstices and Equinoxes,Extremely lapsed,High knowledge
Energy Engineering and Storage,"Lithium-ion Batteries and Alternatives (Solid State, Sodium)",Not lapsed,Extremely high knowledge
Energy Engineering and Storage,Hydrogen Storage: Technical Challenges,Moderately lapsed,High knowledge
Energy Engineering and Storage,Pumped-storage Hydroelectricity,Extremely lapsed,Extremely high knowledge
Energy Engineering and Storage,Flywheels and Mechanical Energy Storage,Extremely lapsed,Moderate knowledge
Energy Engineering and Storage,Microgrids and Energy Communities,Highly lapsed,Low knowledge
Energy Engineering and Storage,Energy Efficiency in Buildings (Class A+),Highly lapsed,Low knowledge
Energy Engineering and Storage,Industrial Waste Heat Recovery,Slightly lapsed,Extremely low knowledge
Energy Engineering and Storage,Smart Grids,Highly lapsed,Moderate knowledge
Energy Engineering and Storage,Supercapacitors for Ultra-fast Charging,Extremely lapsed,Low knowledge
Energy Engineering and Storage,Concentrated and Thermodynamic Photovoltaics,Slightly lapsed,Low knowledge
Welfare Policies and Healthcare,Comparing Healthcare Systems (Public vs Insurance-based),Extremely lapsed,Extremely high knowledge
Welfare Policies and Healthcare,Management of Chronic Diseases and Aging Population,Not lapsed,Extremely low knowledge
Welfare Policies and Healthcare,Vaccination Prevention and Public Health,Not lapsed,Moderate knowledge
Welfare Policies and Healthcare,Financing of Social Protection Systems,Moderately lapsed,Extremely low knowledge
Welfare Policies and Healthcare,Pension Reforms and Financial Sustainability,Highly lapsed,Low knowledge
Welfare Policies and Healthcare,Telemedicine and Integrated Home Care,Slightly lapsed,Moderate knowledge
Welfare Policies and Healthcare,Family Policies and Birth Rates,Moderately lapsed,Moderate knowledge
Welfare Policies and Healthcare,Fighting Poverty and Unemployment Benefits,Slightly lapsed,Extremely low knowledge
Welfare Policies and Healthcare,Health Economics and Drug Cost Analysis,Moderately lapsed,High knowledge
Welfare Policies and Healthcare,Universal Access to Care in Developing Countries,Moderately lapsed,Moderate knowledge
Chemical and Physical Oceanography,Salinity and Density of Water Masses,Highly lapsed,Extremely high knowledge
Chemical and Physical Oceanography,Carbon Cycle in the Oceans and CO2 Absorption,Extremely lapsed,Extremely low knowledge
Chemical and Physical Oceanography,Nutrients and Primary Productivity (Phytoplankton),Extremely lapsed,Moderate knowledge
Chemical and Physical Oceanography,Heavy Metal and Oil Pollution in Seas,Moderately lapsed,Extremely high knowledge
Chemical and Physical Oceanography,"Global Thermohaline Circulation (The ""Conveyor Belt"")",Moderately lapsed,Low knowledge
Chemical and Physical Oceanography,Tidal Dynamics and Astronomical Forces,Extremely lapsed,Extremely high knowledge
Chemical and Physical Oceanography,Isotope Analysis for Paleoceanography,Slightly lapsed,Extremely low knowledge
Chemical and Physical Oceanography,Thermal Barriers and Haloclines,Not lapsed,High knowledge
Chemical and Physical Oceanography,Deep Water Upwelling Systems,Extremely lapsed,Moderate knowledge
Chemical and Physical Oceanography,Impact of Ice Melt on Marine Density,Highly lapsed,Extremely low knowledge
Lifestyle and Minimalist Cultures,Decluttering: Freeing Up Physical and Mental Space,Moderately lapsed,Extremely low knowledge
Lifestyle and Minimalist Cultures,Slow Living: Slowing Down Daily Rhythms,Slightly lapsed,Moderate knowledge
Lifestyle and Minimalist Cultures,Capsule Wardrobe: Optimizing the Closet,Highly lapsed,Low knowledge
Lifestyle and Minimalist Cultures,Digital Nomadism and Material Minimalism,Slightly lapsed,Extremely high knowledge
Lifestyle and Minimalist Cultures,Zero Waste: Minimizing Household Waste,Slightly lapsed,Extremely high knowledge
Lifestyle and Minimalist Cultures,Minimalist Finance: Conscious Saving and Anti-consumerism,Slightly lapsed,High knowledge
Lifestyle and Minimalist Cultures,The Art of the Essential in Design and Furnishing,Moderately lapsed,Extremely high knowledge
Lifestyle and Minimalist Cultures,Walking Meditation and Reconnecting with the Environment,Slightly lapsed,Extremely high knowledge
Lifestyle and Minimalist Cultures,"Detox from Notifications and ""Always Connected""",Highly lapsed,Extremely low knowledge
Lifestyle and Minimalist Cultures,Value of Experiences over Possession of Objects,Extremely lapsed,Low knowledge
Nanotechnology,Nanomedicine: Targeted Drug Delivery,Not lapsed,Extremely high knowledge
Nanotechnology,Carbon Nanotubes and Their Applications,Slightly lapsed,Moderate knowledge
Nanotechnology,Molecular Self-assembly,Highly lapsed,Low knowledge
Nanotechnology,Nanorobots for Cellular Repair,Slightly lapsed,Extremely low knowledge
Nanotechnology,Toxicology of Nanomaterials,Extremely lapsed,Extremely high knowledge
Nanotechnology,Nanoscale Sensors for Environmental Safety,Slightly lapsed,Extremely high knowledge
Nanotechnology,Nanofiltration for Water Purification,Not lapsed,Low knowledge
Nanotechnology,Quantum Dots and Next-generation Screens,Moderately lapsed,Moderate knowledge
Nanotechnology,Nanolithography for Ever-smaller Microchips,Moderately lapsed,Extremely high knowledge
Nanotechnology,Superhydrophobic Surfaces Inspired by Nature,Highly lapsed,High knowledge
Soft Robotics,Electroactive Polymer Actuators,Moderately lapsed,High knowledge
Soft Robotics,Robots Inspired by Octopuses and Worms,Slightly lapsed,Low knowledge
Soft Robotics,Robotic Grippers for Fragile Objects,Highly lapsed,Extremely low knowledge
Soft Robotics,Pneumatic Artificial Muscles,Highly lapsed,Extremely low knowledge
Soft Robotics,Biodegradable Robots for Environmental Use,Slightly lapsed,Low knowledge
Soft Robotics,"Flexible Sensors and Robotic ""Skin""",Not lapsed,Low knowledge
Soft Robotics,Flexible Endoscopic Medical Robotics,Not lapsed,Extremely low knowledge
Soft Robotics,Modeling of Deformable Solids,Not lapsed,High knowledge
Soft Robotics,Soft Robotics for Space Exploration,Extremely lapsed,Extremely high knowledge
Soft Robotics,Safe Human-Robot Interaction (Collaborative Soft Robots),Moderately lapsed,Low knowledge
Digital Criminology and Forensics,Analysis of Markets on the Dark Web,Highly lapsed,High knowledge
Digital Criminology and Forensics,Tracking Suspicious Cryptocurrency Transactions,Extremely lapsed,High knowledge
Digital Criminology and Forensics,Digital Footprinting and OSINT Investigations,Not lapsed,Extremely high knowledge
Digital Criminology and Forensics,Cloud Systems Forensic Analysis,Extremely lapsed,Moderate knowledge
Digital Criminology and Forensics,Data Recovery from Damaged Devices,Not lapsed,High knowledge
Digital Criminology and Forensics,Psychology of the Cybercriminal,Moderately lapsed,Extremely low knowledge
Digital Criminology and Forensics,Prevention of Online Identity Theft,Slightly lapsed,Moderate knowledge
Digital Criminology and Forensics,International Legislation on Cybercrime,Not lapsed,Low knowledge
Digital Criminology and Forensics,Steganography: Hiding Messages in Images,Slightly lapsed,Moderate knowledge
Digital Criminology and Forensics,Log Analysis and Intrusion Detection,Slightly lapsed,Extremely low knowledge
Sleep Sciences (Chronobiology),Sleep Architecture: NREM and REM Phases,Highly lapsed,Extremely low knowledge
Sleep Sciences (Chronobiology),"Circadian Rhythms and ""Clock"" Genes",Not lapsed,Extremely high knowledge
Sleep Sciences (Chronobiology),The Impact of Blue Light on Melatonin,Slightly lapsed,Extremely high knowledge
Sleep Sciences (Chronobiology),"Sleep Disorders: Apnea, Insomnia, and Narcolepsy",Extremely lapsed,Extremely low knowledge
Sleep Sciences (Chronobiology),The Role of Sleep in Memory Consolidation,Extremely lapsed,Extremely low knowledge
Sleep Sciences (Chronobiology),Lucid Dreaming and Dream Control,Extremely lapsed,Low knowledge
Sleep Sciences (Chronobiology),Social Jet Lag and Shift Work,Highly lapsed,Extremely high knowledge
Sleep Sciences (Chronobiology),Glymphatic System and Nocturnal Brain Cleaning,Moderately lapsed,High knowledge
Sleep Sciences (Chronobiology),"Chronotypes: Larks, Owls, and Lions",Extremely lapsed,Moderate knowledge
Sleep Sciences (Chronobiology),Sleepwalking and Parasomnias,Moderately lapsed,Low knowledge
Textile Materials Engineering,"High-performance Synthetic Fibers (Kevlar, Nomex)",Extremely lapsed,High knowledge
Textile Materials Engineering,Smart Fabrics with Shape Memory,Extremely lapsed,Moderate knowledge
Textile Materials Engineering,Mechanical Recycling of Wool and Cotton,Slightly lapsed,High knowledge
Textile Materials Engineering,Dry Dyeing for Water Saving,Extremely lapsed,Low knowledge
Textile Materials Engineering,Breathable Fabrics and Gore-Tex Membranes,Not lapsed,Extremely high knowledge
Textile Materials Engineering,Synthetic Spider Silk and Biopolymers,Extremely lapsed,High knowledge
Textile Materials Engineering,Textile Filters for the Chemical Industry,Extremely lapsed,Extremely low knowledge
Textile Materials Engineering,Technical Textiles for Construction (Geotextiles),Not lapsed,Low knowledge
Textile Materials Engineering,Protective Clothing for Extreme Environments,Extremely lapsed,Moderate knowledge
Textile Materials Engineering,The Use of Silver and Copper as Antibacterials in Fabrics,Highly lapsed,Extremely low knowledge
Behavioral Economics (Nudge Theory),Choice Architecture: Guiding Without Forcing,Not lapsed,Moderate knowledge
Behavioral Economics (Nudge Theory),Confirmation Bias in Financial Decisions,Not lapsed,High knowledge
Behavioral Economics (Nudge Theory),The Anchoring Effect in Prices,Extremely lapsed,Moderate knowledge
Behavioral Economics (Nudge Theory),Loss Aversion,Slightly lapsed,Low knowledge
Behavioral Economics (Nudge Theory),Hyperbolic Discounting: Immediate vs Future Gratification,Slightly lapsed,High knowledge
Behavioral Economics (Nudge Theory),Social Norms as Economic Incentives,Slightly lapsed,Moderate knowledge
Behavioral Economics (Nudge Theory),Gamification Applied to Energy Saving,Not lapsed,Low knowledge
Behavioral Economics (Nudge Theory),Psychology of Taxes and Compliance,Extremely lapsed,Extremely low knowledge
Behavioral Economics (Nudge Theory),Prospect Theory by Kahneman and Tversky,Extremely lapsed,Moderate knowledge
Behavioral Economics (Nudge Theory),"The Impact of ""Default"" in Opt-in/Opt-out Options",Moderately lapsed,Extremely high knowledge
Paleontology and Prehistoric Life,Mass Extinctions: Causes and Consequences,Extremely lapsed,High knowledge
Paleontology and Prehistoric Life,Evolution of Flying Reptiles (Pterosaurs),Highly lapsed,Extremely high knowledge
Paleontology and Prehistoric Life,The Transition from Water to Land,Not lapsed,Low knowledge
Paleontology and Prehistoric Life,Feathered Dinosaurs: The Link to Birds,Moderately lapsed,High knowledge
Paleontology and Prehistoric Life,Paleobotany: The First Forests of the Devonian,Extremely lapsed,High knowledge
Paleontology and Prehistoric Life,Pleistocene Megafauna: Mammoths and Saber-toothed Tigers,Extremely lapsed,Extremely high knowledge
Paleontology and Prehistoric Life,Exceptionally Preserved Fossils (Lagerstätten),Moderately lapsed,Moderate knowledge
Paleontology and Prehistoric Life,Paleoecology: Reconstructing Past Ecosystems,Not lapsed,Low knowledge
Paleontology and Prehistoric Life,The Cambrian Explosion and the Origin of Body Plans,Highly lapsed,High knowledge
Paleontology and Prehistoric Life,Ancient DNA Analysis from Fossil Remains,Slightly lapsed,High knowledge
Computational Linguistics,Neural Machine Translation Algorithms,Moderately lapsed,Moderate knowledge
Computational Linguistics,Speech Recognition and Text-to-Speech (TTS),Slightly lapsed,Extremely low knowledge
Computational Linguistics,Sentiment Analysis on Social Media,Highly lapsed,Extremely high knowledge
Computational Linguistics,Large Language Models (LLM),Not lapsed,Moderate knowledge
Computational Linguistics,Named Entity Recognition (NER),Not lapsed,High knowledge
Computational Linguistics,Word Embeddings and Vector Representation,Moderately lapsed,Low knowledge
Computational Linguistics,Automated Syntactic Parsing,Not lapsed,Moderate knowledge
Computational Linguistics,Automated Detection of Sarcasm and Irony,Not lapsed,High knowledge
Computational Linguistics,Conversational Interfaces and Chatbots,Not lapsed,Extremely high knowledge
Computational Linguistics,Resolution of Semantic Ambiguities,Slightly lapsed,Extremely high knowledge
Sociology of Media and Communication,Agenda-Setting Theory: Who Decides What We Talk About,Not lapsed,Low knowledge
Sociology of Media and Communication,Spiral of Silence and Public Opinion,Highly lapsed,Extremely high knowledge
Sociology of Media and Communication,The Medium is the Message (Marshall McLuhan),Moderately lapsed,Extremely high knowledge
Sociology of Media and Communication,Parasociality: The Bond with Influencers and Celebrities,Slightly lapsed,Moderate knowledge
Sociology of Media and Communication,Digital Divide: Inequalities in Internet Access,Slightly lapsed,High knowledge
Sociology of Media and Communication,Participatory Culture and Prosumer,Highly lapsed,Moderate knowledge
Sociology of Media and Communication,The Impact of Reality TV on Social Perception,Highly lapsed,Moderate knowledge
Sociology of Media and Communication,Liquid Surveillance and the Control Society,Not lapsed,Extremely high knowledge
Sociology of Media and Communication,Recommendation Algorithms and Filter Bubbles,Slightly lapsed,Moderate knowledge
Sociology of Media and Communication,Evolution of Political Propaganda in Media,Highly lapsed,Moderate knowledge
Hydroponics and Vertical Farming,NFT (Nutrient Film Technique) Systems,Slightly lapsed,Extremely high knowledge
Hydroponics and Vertical Farming,Aeroponics: Growing in the Mist,Extremely lapsed,Moderate knowledge
Hydroponics and Vertical Farming,Aquaponics: Symbiosis between Fish and Plants,Highly lapsed,Extremely high knowledge
Hydroponics and Vertical Farming,Management of pH and Electrical Conductivity (EC),Extremely lapsed,Extremely high knowledge
Hydroponics and Vertical Farming,Adjustable Spectrum LED Lighting,Highly lapsed,Moderate knowledge
Hydroponics and Vertical Farming,Climate Control in Closed Greenhouses (Indoor Farming),Extremely lapsed,Moderate knowledge
Hydroponics and Vertical Farming,Reduction of Pesticide Use in Controlled Environments,Not lapsed,Extremely low knowledge
Hydroponics and Vertical Farming,Urban Agriculture in Containers,Extremely lapsed,Low knowledge
Hydroponics and Vertical Farming,Harvest Automation in Vertical Farming,Not lapsed,Extremely low knowledge
Hydroponics and Vertical Farming,Alternative Substrates: Coconut Coir and Rockwool,Moderately lapsed,Low knowledge
Plasma Physics and Nuclear Fusion,Magnetic Confinement (Tokamak and Stellarator),Not lapsed,Low knowledge
Plasma Physics and Nuclear Fusion,Inertial Confinement via Lasers,Not lapsed,Low knowledge
Plasma Physics and Nuclear Fusion,The ITER Project and International Cooperation,Not lapsed,Extremely low knowledge
Plasma Physics and Nuclear Fusion,Astrophysical Plasmas: Stellar Coronas and Nebulae,Highly lapsed,Low knowledge
Plasma Physics and Nuclear Fusion,"Industrial Applications of Plasma (Cutting, Deposition)",Extremely lapsed,High knowledge
Plasma Physics and Nuclear Fusion,Space Propulsion via Plasma,Moderately lapsed,High knowledge
Plasma Physics and Nuclear Fusion,Plasma Instabilities and Their Control,Extremely lapsed,Extremely high knowledge
Plasma Physics and Nuclear Fusion,Cold Nuclear Fusion: Reality or Myth?,Not lapsed,Extremely low knowledge
Plasma Physics and Nuclear Fusion,High-temperature Plasma Diagnostics,Moderately lapsed,Extremely low knowledge
Plasma Physics and Nuclear Fusion,The Future of Clean and Inexhaustible Energy,Highly lapsed,Low knowledge
Forensic and Legal Psychology,Reliability of Eyewitness Testimony,Extremely lapsed,Extremely high knowledge
Forensic and Legal Psychology,False Confessions and Interrogation Techniques,Highly lapsed,Moderate knowledge
Forensic and Legal Psychology,Capacity of Understanding and Will,Highly lapsed,High knowledge
Forensic and Legal Psychology,Psychology of the Trial Process,Moderately lapsed,Extremely low knowledge
Forensic and Legal Psychology,Evaluation of Social Dangerousness,Slightly lapsed,Low knowledge
Forensic and Legal Psychology,Parental Alienation Syndrome,Extremely lapsed,High knowledge
Forensic and Legal Psychology,Family and Penal Mediation,Extremely lapsed,Low knowledge
Forensic and Legal Psychology,Profiling of the Unknown Offender,Moderately lapsed,Moderate knowledge
Forensic and Legal Psychology,Victimology: Impact of the Crime on the Victim,Not lapsed,High knowledge
Forensic and Legal Psychology,Forensic Neuroscience: The Brain in the Dock,Moderately lapsed,Low knowledge
Vernacular and Traditional Architecture,"Trulli, Sassi, and Hypogean Architectures",Slightly lapsed,Low knowledge
Vernacular and Traditional Architecture,Earth and Straw Constructions,Moderately lapsed,Extremely high knowledge
Vernacular and Traditional Architecture,Nomadic Architecture: Yurts and Tepees,Moderately lapsed,Extremely low knowledge
Vernacular and Traditional Architecture,Ancient Natural Ventilation Systems (Wind Catchers),Not lapsed,High knowledge
Vernacular and Traditional Architecture,The Use of Dry Stone in the Agricultural Landscape,Highly lapsed,Low knowledge
Vernacular and Traditional Architecture,Climatic Adaptations in Alpine Architecture,Slightly lapsed,Moderate knowledge
Vernacular and Traditional Architecture,Half-timbered Houses of Northern Europe,Slightly lapsed,High knowledge
Vernacular and Traditional Architecture,Stilt Houses and Lake Settlements,Highly lapsed,Extremely high knowledge
Vernacular and Traditional Architecture,Conservation and Recovery of Abandoned Villages,Highly lapsed,Extremely high knowledge
Vernacular and Traditional Architecture,Local Materials vs Industrial Materials,Extremely lapsed,Moderate knowledge
Science of Brewing and Distillation,Chemistry of Barley Malting,Slightly lapsed,Extremely low knowledge
Science of Brewing and Distillation,Biology of Yeasts (Saccharomyces cerevisiae and pastorianus),Extremely lapsed,Extremely low knowledge
Science of Brewing and Distillation,Hops: Alpha Acids and Essential Oils,Moderately lapsed,High knowledge
Science of Brewing and Distillation,Mashing and Decoction Processes,Highly lapsed,Moderate knowledge
Science of Brewing and Distillation,Spontaneous Fermentations and Lactic Acid Bacteria,Slightly lapsed,Extremely high knowledge
Science of Brewing and Distillation,Distillation Techniques: Column vs Pot Still,Extremely lapsed,High knowledge
Science of Brewing and Distillation,Barrel Aging and Interaction with Wood,Not lapsed,Extremely low knowledge
Science of Brewing and Distillation,Sensory Analysis and Typical Defects (Off-flavors),Extremely lapsed,Extremely high knowledge
Science of Brewing and Distillation,History of the Gin and Rum Routes,Not lapsed,Low knowledge
Science of Brewing and Distillation,"Scientific Mixology: Ice, Dilution, and Density",Slightly lapsed,Moderate knowledge
Bioinformatics and Computational Biology,Human Genome Sequencing and Big Data,Not lapsed,Extremely high knowledge
Bioinformatics and Computational Biology,Protein Sequence Alignment,Extremely lapsed,High knowledge
Bioinformatics and Computational Biology,3D Modeling of Proteins (AlphaFold),Slightly lapsed,Extremely high knowledge
Bioinformatics and Computational Biology,Molecular Phylogenetics and Evolutionary Trees,Extremely lapsed,Extremely low knowledge
Bioinformatics and Computational Biology,"Biological Databases (GenBank, UniProt)",Extremely lapsed,Extremely high knowledge
Bioinformatics and Computational Biology,Molecular Dynamics Simulation,Slightly lapsed,Extremely low knowledge
Bioinformatics and Computational Biology,Gene Expression Analysis (RNA-Seq),Highly lapsed,Low knowledge
Bioinformatics and Computational Biology,Systems Biology: Mapping Metabolic Networks,Moderately lapsed,Low knowledge
Bioinformatics and Computational Biology,Algorithms for the Discovery of New Drugs (Drug Discovery),Slightly lapsed,Moderate knowledge
Bioinformatics and Computational Biology,Metagenomics: Studying Environmental DNA,Not lapsed,Low knowledge
Ethics of New Technologies,Civil Rights in the Metaverse,Highly lapsed,Extremely low knowledge
Ethics of New Technologies,Legal Responsibility of Autonomous Vehicles,Highly lapsed,High knowledge
Ethics of New Technologies,Privacy in the Age of Mass Facial Recognition,Moderately lapsed,Extremely high knowledge
Ethics of New Technologies,Moral Implications of Human Enhancement,Highly lapsed,High knowledge
Ethics of New Technologies,Gender and Race Bias in Selection Algorithms,Slightly lapsed,High knowledge
Ethics of New Technologies,Intellectual Property of AI-generated Works,Extremely lapsed,Moderate knowledge
Ethics of New Technologies,Ethics of Workplace Surveillance,Slightly lapsed,Moderate knowledge
Ethics of New Technologies,Environmental Sustainability of Data Centers,Not lapsed,Moderate knowledge
Ethics of New Technologies,The Right to Be Forgotten and Permanent Digital Memory,Highly lapsed,Extremely high knowledge
Ethics of New Technologies,Democracy and Manipulation via Micro-targeting,Highly lapsed,Moderate knowledge
Advanced Viticulture and Oenology,Influence of Soil (Pedology) on the Wine Profile,Slightly lapsed,Low knowledge
Advanced Viticulture and Oenology,Canopy Management and Bunch Microclimate,Moderately lapsed,High knowledge
Advanced Viticulture and Oenology,"Vine Diseases: Downy Mildew, Powdery Mildew, and Phylloxera",Moderately lapsed,High knowledge
Advanced Viticulture and Oenology,Heroic Viticulture on Terraces,Extremely lapsed,Extremely high knowledge
Advanced Viticulture and Oenology,Amphora Vinification and Alternative Wine Vessels,Slightly lapsed,Low knowledge
Advanced Viticulture and Oenology,Chemistry of Polyphenols and Tannins,Moderately lapsed,Low knowledge
Advanced Viticulture and Oenology,Oxygen Management and Micro-oxygenation,Slightly lapsed,Low knowledge
Advanced Viticulture and Oenology,"Organic, Biodynamic, and Natural Wines",Not lapsed,Extremely high knowledge
Advanced Viticulture and Oenology,Global Wine Market and Appellations of Origin,Slightly lapsed,Extremely high knowledge
Advanced Viticulture and Oenology,Climate Change and the Shifting of Wine Regions,Not lapsed,Moderate knowledge
Atmospheric Sciences and Aeronomy,Ozone Chemistry and the Ozone Hole,Not lapsed,Low knowledge
Atmospheric Sciences and Aeronomy,Atmospheric Aerosols and Cloud Nucleation,Moderately lapsed,Moderate knowledge
Atmospheric Sciences and Aeronomy,"Optical Phenomena: Rainbows, Sun Dogs, and Glories",Extremely lapsed,Extremely high knowledge
Atmospheric Sciences and Aeronomy,Atmospheric Electricity and the Genesis of Lightning,Moderately lapsed,Moderate knowledge
Atmospheric Sciences and Aeronomy,Ionosphere and Long-distance Radio Communications,Highly lapsed,Extremely high knowledge
Atmospheric Sciences and Aeronomy,Transboundary Pollution of Air Masses,Slightly lapsed,High knowledge
Atmospheric Sciences and Aeronomy,Interaction between Ocean and Atmosphere,Not lapsed,High knowledge
Atmospheric Sciences and Aeronomy,Space Weather and Auroras,Not lapsed,Extremely low knowledge
Atmospheric Sciences and Aeronomy,Greenhouse Effect and Radiative Forcings,Not lapsed,Moderate knowledge
Atmospheric Sciences and Aeronomy,Instrumentation for Vertical Sounding (Radiosondes),Slightly lapsed,High knowledge
Color Psychology and Visual Arts,Goethe's vs Newton's Theory of Color,Slightly lapsed,Moderate knowledge
Color Psychology and Visual Arts,Color Perception and Eye Physiology,Moderately lapsed,Extremely high knowledge
Color Psychology and Visual Arts,Symbolic Colors in Different Cultures,Slightly lapsed,High knowledge
Color Psychology and Visual Arts,The Use of Color in Marketing and Branding,Highly lapsed,Low knowledge
Color Psychology and Visual Arts,Chromotherapy: Between Science and Belief,Slightly lapsed,Moderate knowledge
Color Psychology and Visual Arts,Color in Hospital and School Architecture,Extremely lapsed,High knowledge
Color Psychology and Visual Arts,Historical Pigments: from Ultramarine Blue to Synthetics,Highly lapsed,High knowledge
Color Psychology and Visual Arts,Color Contrasts and Visual Harmony,Not lapsed,Extremely low knowledge
Color Psychology and Visual Arts,Color and Synesthesia: Hearing Colors,Slightly lapsed,Extremely high knowledge
Color Psychology and Visual Arts,Evolution of Color Theory in Cinema,Highly lapsed,Extremely high knowledge
Futurology and Tomorrow's Scenarios,Forecasting Methodologies (Delphi Method),Highly lapsed,Low knowledge
Futurology and Tomorrow's Scenarios,Post-energy Scarcity Scenarios,Highly lapsed,High knowledge
Futurology and Tomorrow's Scenarios,Transhumanism and Mind Uploading,Moderately lapsed,Extremely low knowledge
Futurology and Tomorrow's Scenarios,The Future of Democracy in the Age of Algorithms,Moderately lapsed,Moderate knowledge
Futurology and Tomorrow's Scenarios,Colonization of Extrasolar Planets: Dreams and Limits,Moderately lapsed,Extremely high knowledge
Futurology and Tomorrow's Scenarios,End of Privacy or Radical Transparency?,Not lapsed,Extremely high knowledge
Futurology and Tomorrow's Scenarios,Evolution of the Human Species (Homo Optimus),Moderately lapsed,Extremely high knowledge
Futurology and Tomorrow's Scenarios,The Impact of First Contact with Alien Civilizations,Highly lapsed,Low knowledge
Futurology and Tomorrow's Scenarios,Resource Management on a Earth of 10 Billion People,Extremely lapsed,Extremely high knowledge
Futurology and Tomorrow's Scenarios,"The Search for the ""Theory of Everything"" in Physics",Slightly lapsed,Extremely low knowledge
